legacy_url,source_of_discovery,intended_destination,status_code,content_match_evidence,confidence,disposition
/archive-1,.com sitemap 2026-09-18,/books/trust-stillness,301,"page titled ""Trust Stillness — New Book by Brian J. Mueller"" in the 2022 export",high,redirect
/archive-10,.com sitemap 2026-09-18,/books,301,"page titled ""Books""",high,redirect
/archive-11,.com sitemap 2026-09-18,/series/poem-of-the-day,301,"page titled ""Brian's Poem of the Day Series""",high,redirect
/archive-12,.com sitemap 2026-09-18,/books,301,"page titled ""Latest Books""",high,redirect
/archive-13,.com sitemap 2026-09-18,/series/the-bull-series,301,"page titled ""The Bull Series""",high,redirect
/archive-14,.com sitemap 2026-09-18,/books,301,"live 200, absent from the sitemap; a later books page",high,redirect
/archive-14/baloney,.com sitemap 2026-09-18,/books,301,child of /archive-14,high,redirect
/archive-2,.com sitemap 2026-09-18,/about,301,"page titled ""About (archive)""",high,redirect
/archive-3,.com sitemap 2026-09-18,/books,301,"page titled ""Books (archive)""",high,redirect
/archive-4,.com sitemap 2026-09-18,/contact,301,"page titled ""Contact (archive)""",high,redirect
/archive-5,.com sitemap 2026-09-18,/faq,301,"page titled ""FAQs (archive)""",high,redirect
/archive-6,2022 Squarespace export / live probe,/,301,"page titled ""Footer (archive)"" - a layout fragment, no equivalent page",high,redirect
/archive-7,.com sitemap 2026-09-18,/,301,"page titled ""Home (archive)""",high,redirect
/archive-8,.com sitemap 2026-09-18,/series/men-writing-for-change,301,"page titled ""MWFC (archive)""",high,redirect
/archive-9,.com sitemap 2026-09-18,/about,301,"page titled ""Digital Alphabet"" - the imprint, described on About",high,redirect
/brians-poem-of-the-day-series,2022 Squarespace export content links,/series/poem-of-the-day,301,old series slug; 404 today,high,redirect
/cart,2022 Squarespace export content links,/books,301,commerce retired; books are bought at Amazon from the book pages,high,redirect
/checkout,2022 Squarespace export content links,/books,301,commerce retired,high,redirect
/cookies-policy,.com sitemap 2026-09-18,/cookies-policy,200,identical page exists,certain,retained - same path on the new site
/disclaimer,.com sitemap 2026-09-18,/disclaimer,200,identical page exists,certain,retained - same path on the new site
/home,.com sitemap 2026-09-18,/,301,old Squarespace home alias,high,redirect
/latest-books,2022 Squarespace export content links,/books,301,"old page slug, renamed to /archive-12; 404 today",high,redirect
/living-workshop,.com sitemap 2026-09-18,/blog,301,blog index; the archive is described on the new Notes page,high,redirect
/living-workshop/2018/11/1/your-poetry,.com sitemap 2026-09-18,/blog,301,best candidate /poem/your-poetry scored 0.0,low - needs review,redirect - generic
/living-workshop/2018/11/10/troubles,.com sitemap 2026-09-18,https://brianspoems.com/poem/troubles,301,poem text overlap 0.962 with /poem/troubles,high,redirect
/living-workshop/2018/11/12/to-be-created,.com sitemap 2026-09-18,https://brianspoems.com/poem/to-be-created,301,poem text overlap 0.838 with /poem/to-be-created,high,redirect
/living-workshop/2018/11/13/my-breath,.com sitemap 2026-09-18,https://brianspoems.com/poem/my-breath,301,poem text overlap 0.979 with /poem/my-breath,high,redirect
/living-workshop/2018/11/14/in-movement,.com sitemap 2026-09-18,https://brianspoems.com/poem/in-movement,301,poem text overlap 0.925 with /poem/in-movement,high,redirect
/living-workshop/2018/11/15/two-doors,.com sitemap 2026-09-18,https://brianspoems.com/poem/two-doors,301,poem text overlap 1.0 with /poem/two-doors,high,redirect
/living-workshop/2018/11/16/autumn,.com sitemap 2026-09-18,https://brianspoems.com/poem/autumn,301,poem text overlap 1.0 with /poem/autumn,high,redirect
/living-workshop/2018/11/17/say-it-better,.com sitemap 2026-09-18,https://brianspoems.com/poem/say-it-better,301,poem text overlap 0.967 with /poem/say-it-better,high,redirect
/living-workshop/2018/11/18/floating,.com sitemap 2026-09-18,https://brianspoems.com/poem/floating,301,poem text overlap 0.88 with /poem/floating,high,redirect
/living-workshop/2018/11/19/my-heart-at-peace,.com sitemap 2026-09-18,https://brianspoems.com/poem/my-heart-at-peace,301,poem text overlap 1.0 with /poem/my-heart-at-peace,high,redirect
/living-workshop/2018/11/2/soulful-pilgrim,.com sitemap 2026-09-18,https://brianspoems.com/poem/soulful-pilgrim,301,poem text overlap 0.987 with /poem/soulful-pilgrim,high,redirect
/living-workshop/2018/11/20/no-judgment,.com sitemap 2026-09-18,https://brianspoems.com/poem/no-judgment,301,poem text overlap 1.0 with /poem/no-judgment,high,redirect
/living-workshop/2018/11/21/first-death,.com sitemap 2026-09-18,https://brianspoems.com/poem/first-death,301,poem text overlap 0.853 with /poem/first-death,high,redirect
/living-workshop/2018/11/22/embodied-love,.com sitemap 2026-09-18,https://brianspoems.com/poem/embodied-love,301,poem text overlap 1.0 with /poem/embodied-love,high,redirect
/living-workshop/2018/11/23/body-soul,.com sitemap 2026-09-18,https://brianspoems.com/poem/body-soul,301,poem text overlap 0.984 with /poem/body-soul,high,redirect
/living-workshop/2018/11/24/peace-within,.com sitemap 2026-09-18,https://brianspoems.com/poem/peace-within,301,poem text overlap 0.919 with /poem/peace-within,high,redirect
/living-workshop/2018/11/25/pitter-patter,.com sitemap 2026-09-18,https://brianspoems.com/poem/pitter-patter,301,poem text overlap 1.0 with /poem/pitter-patter,high,redirect
/living-workshop/2018/11/26/becoming,.com sitemap 2026-09-18,https://brianspoems.com/poem/becoming,301,poem text overlap 1.0 with /poem/becoming,high,redirect
/living-workshop/2018/11/27/beyond-the-sea,.com sitemap 2026-09-18,https://brianspoems.com/poem/beyond-the-sea,301,poem text overlap 0.967 with /poem/beyond-the-sea,high,redirect
/living-workshop/2018/11/28/awake-my-soul,.com sitemap 2026-09-18,https://brianspoems.com/poem/awake-my-soul,301,poem text overlap 1.0 with /poem/awake-my-soul,high,redirect
/living-workshop/2018/11/29/prayers,.com sitemap 2026-09-18,https://brianspoems.com/poem/prayers,301,poem text overlap 1.0 with /poem/prayers,high,redirect
/living-workshop/2018/11/3/the-soup,.com sitemap 2026-09-18,https://brianspoems.com/poem/the-soup,301,poem text overlap 0.978 with /poem/the-soup,high,redirect
/living-workshop/2018/11/30/finding-my-ground,.com sitemap 2026-09-18,https://brianspoems.com/poem/finding-my-ground,301,poem text overlap 0.935 with /poem/finding-my-ground,high,redirect
/living-workshop/2018/11/5/will-to-live,.com sitemap 2026-09-18,https://brianspoems.com/poem/will-to-live,301,poem text overlap 1.0 with /poem/will-to-live,high,redirect
/living-workshop/2018/11/6/there-is-joy,.com sitemap 2026-09-18,https://brianspoems.com/poem/there-is-joy,301,poem text overlap 1.0 with /poem/there-is-joy,high,redirect
/living-workshop/2018/11/8/peace-pilgrim,.com sitemap 2026-09-18,https://brianspoems.com/poem/peace-pilgrim,301,poem text overlap 0.988 with /poem/peace-pilgrim,high,redirect
/living-workshop/2018/12/1/become-poem,.com sitemap 2026-09-18,https://brianspoems.com/poem/become-poem,301,poem text overlap 1.0 with /poem/become-poem,high,redirect
/living-workshop/2018/12/10/down-to-the-river,.com sitemap 2026-09-18,https://brianspoems.com/poem/down-to-the-river,301,poem text overlap 1.0 with /poem/down-to-the-river,high,redirect
/living-workshop/2018/12/11/lsimple-gifts,.com sitemap 2026-09-18,https://brianspoems.com/poem/simple-gifts-2,301,poem text overlap 0.856 with /poem/simple-gifts-2,high,redirect
/living-workshop/2018/12/12/love-is-right-here,.com sitemap 2026-09-18,https://brianspoems.com/poem/love-is-right-here,301,poem text overlap 1.0 with /poem/love-is-right-here,high,redirect
/living-workshop/2018/12/13/no-further-than-my-nose,.com sitemap 2026-09-18,https://brianspoems.com/poem/no-further-than-my-nose,301,poem text overlap 0.845 with /poem/no-further-than-my-nose,high,redirect
/living-workshop/2018/12/14/relax,.com sitemap 2026-09-18,https://brianspoems.com/poem/relax,301,poem text overlap 0.835 with /poem/relax,high,redirect
/living-workshop/2018/12/15/he-can-be-taught,.com sitemap 2026-09-18,https://brianspoems.com/poem/he-can-be-taught,301,poem text overlap 0.814 with /poem/he-can-be-taught,high,redirect
/living-workshop/2018/12/16/heartbeat,.com sitemap 2026-09-18,https://brianspoems.com/poem/heartbeat,301,poem text overlap 1.0 with /poem/heartbeat,high,redirect
/living-workshop/2018/12/17/my-patient-companion,.com sitemap 2026-09-18,https://brianspoems.com/poem/my-patient-companion,301,poem text overlap 0.832 with /poem/my-patient-companion,high,redirect
/living-workshop/2018/12/18/my-body,.com sitemap 2026-09-18,https://brianspoems.com/poem/my-body,301,poem text overlap 1.0 with /poem/my-body,high,redirect
/living-workshop/2018/12/19/enlightenment,.com sitemap 2026-09-18,https://brianspoems.com/poem/enlightenment-3,301,poem text overlap 0.846 with /poem/enlightenment-3,high,redirect
/living-workshop/2018/12/2/new-awareness,.com sitemap 2026-09-18,https://brianspoems.com/poem/new-awareness,301,poem text overlap 0.987 with /poem/new-awareness,high,redirect
/living-workshop/2018/12/20/just-a-gambol,.com sitemap 2026-09-18,https://brianspoems.com/poem/just-a-gambol,301,poem text overlap 1.0 with /poem/just-a-gambol,high,redirect
/living-workshop/2018/12/21/winter-solstice,.com sitemap 2026-09-18,https://brianspoems.com/poem/winter-solstice-2,301,poem text overlap 0.769 with /poem/winter-solstice-2,high,redirect
/living-workshop/2018/12/22/project-happy-days,.com sitemap 2026-09-18,https://brianspoems.com/poem/project-happy-days,301,poem text overlap 0.967 with /poem/project-happy-days,high,redirect
/living-workshop/2018/12/23/giants,.com sitemap 2026-09-18,https://brianspoems.com/poem/giants,301,poem text overlap 1.0 with /poem/giants,high,redirect
/living-workshop/2018/12/24/all-one,.com sitemap 2026-09-18,https://brianspoems.com/poem/all-one,301,poem text overlap 0.953 with /poem/all-one,high,redirect
/living-workshop/2018/12/25/christmas-arrives,.com sitemap 2026-09-18,https://brianspoems.com/poem/christmas-arrives,301,poem text overlap 0.688 with /poem/christmas-arrives,high,redirect
/living-workshop/2018/12/26/sacred-heart,.com sitemap 2026-09-18,https://brianspoems.com/poem/sacred-heart,301,poem text overlap 0.957 with /poem/sacred-heart,high,redirect
/living-workshop/2018/12/27/no-reason,.com sitemap 2026-09-18,https://brianspoems.com/poem/no-reason,301,poem text overlap 0.924 with /poem/no-reason,high,redirect
/living-workshop/2018/12/28/for-some-reason,.com sitemap 2026-09-18,https://brianspoems.com/poem/for-some-reason,301,poem text overlap 0.806 with /poem/for-some-reason,high,redirect
/living-workshop/2018/12/29/sacred-space,.com sitemap 2026-09-18,https://brianspoems.com/poem/sacred-space,301,poem text overlap 0.832 with /poem/sacred-space,high,redirect
/living-workshop/2018/12/3/the-story,.com sitemap 2026-09-18,https://brianspoems.com/poem/the-story,301,poem text overlap 0.664 with /poem/the-story,high,redirect
/living-workshop/2018/12/30/passion,.com sitemap 2026-09-18,https://brianspoems.com/poem/passion,301,poem text overlap 0.978 with /poem/passion,high,redirect
/living-workshop/2018/12/31/eyes-of-god,.com sitemap 2026-09-18,https://brianspoems.com/poem/eyes-of-god,301,poem text overlap 1.0 with /poem/eyes-of-god,high,redirect
/living-workshop/2018/12/4/flowers-in-the-winter,.com sitemap 2026-09-18,https://brianspoems.com/poem/flowers-in-the-winter,301,poem text overlap 1.0 with /poem/flowers-in-the-winter,high,redirect
/living-workshop/2018/12/5/favorite-poem,.com sitemap 2026-09-18,https://brianspoems.com/poem/favorite-poem,301,poem text overlap 1.0 with /poem/favorite-poem,high,redirect
/living-workshop/2018/12/6/the-narrowing,.com sitemap 2026-09-18,https://brianspoems.com/poem/the-narrowing,301,poem text overlap 1.0 with /poem/the-narrowing,high,redirect
/living-workshop/2018/12/7/digital-dysphoria,.com sitemap 2026-09-18,https://brianspoems.com/poem/digital-dysphoria,301,poem text overlap 0.882 with /poem/digital-dysphoria,high,redirect
/living-workshop/2018/12/8/acceptance,.com sitemap 2026-09-18,https://brianspoems.com/poem/acceptance-3,301,poem text overlap 0.864 with /poem/acceptance-3,high,redirect
/living-workshop/2018/12/9/simple-man,.com sitemap 2026-09-18,https://brianspoems.com/poem/simple-man,301,poem text overlap 0.886 with /poem/simple-man,high,redirect
/living-workshop/2019/03/26/sweet-water,.com sitemap 2026-09-18,https://brianspoems.com/poem/sweet-water,301,poem text overlap 1.0 with /poem/sweet-water,high,redirect
/living-workshop/2019/03/27/prey,.com sitemap 2026-09-18,https://brianspoems.com/poem/prey,301,poem text overlap 1.0 with /poem/prey,high,redirect
/living-workshop/2019/03/28/the-middle,.com sitemap 2026-09-18,https://brianspoems.com/poem/the-middle,301,poem text overlap 1.0 with /poem/the-middle,high,redirect
/living-workshop/2019/03/29/plant-me,.com sitemap 2026-09-18,https://brianspoems.com/poem/plant-me,301,poem text overlap 1.0 with /poem/plant-me,high,redirect
/living-workshop/2019/03/30/a-silent-welcome,.com sitemap 2026-09-18,https://brianspoems.com/poem/a-silent-welcome,301,poem text overlap 1.0 with /poem/a-silent-welcome,high,redirect
/living-workshop/2019/03/31/morning-prayer,.com sitemap 2026-09-18,https://brianspoems.com/poem/morning-prayer,301,poem text overlap 0.988 with /poem/morning-prayer,high,redirect
/living-workshop/2019/04/01/go-beyond,.com sitemap 2026-09-18,https://brianspoems.com/poem/go-beyond,301,poem text overlap 0.908 with /poem/go-beyond,high,redirect
/living-workshop/2019/04/02/confronting-anger,.com sitemap 2026-09-18,https://brianspoems.com/poem/confronting-anger,301,poem text overlap 0.909 with /poem/confronting-anger,high,redirect
/living-workshop/2019/04/03/let-the-music-play,.com sitemap 2026-09-18,https://brianspoems.com/poem/let-the-music-play,301,poem text overlap 1.0 with /poem/let-the-music-play,high,redirect
/living-workshop/2019/04/04/beware,.com sitemap 2026-09-18,https://brianspoems.com/poem/beware,301,poem text overlap 1.0 with /poem/beware,high,redirect
/living-workshop/2019/04/05/people-come-and-go,.com sitemap 2026-09-18,https://brianspoems.com/poem/people-come-and-go,301,poem text overlap 0.984 with /poem/people-come-and-go,high,redirect
/living-workshop/2019/04/06/trying,.com sitemap 2026-09-18,https://brianspoems.com/poem/trying,301,poem text overlap 1.0 with /poem/trying,high,redirect
/living-workshop/2019/04/07/crying,.com sitemap 2026-09-18,https://brianspoems.com/poem/crying,301,poem text overlap 0.709 with /poem/crying,high,redirect
/living-workshop/2019/04/08/one-of-those-days,.com sitemap 2026-09-18,https://brianspoems.com/poem/one-of-those-days,301,poem text overlap 1.0 with /poem/one-of-those-days,high,redirect
/living-workshop/2019/04/09/plainspoken-poet,.com sitemap 2026-09-18,https://brianspoems.com/poem/plainspoken-poet,301,poem text overlap 1.0 with /poem/plainspoken-poet,high,redirect
/living-workshop/2019/04/10/self-storage,.com sitemap 2026-09-18,https://brianspoems.com/poem/self-storage,301,poem text overlap 1.0 with /poem/self-storage,high,redirect
/living-workshop/2019/04/11/redemption,.com sitemap 2026-09-18,https://brianspoems.com/poem/redemption,301,poem text overlap 1.0 with /poem/redemption,high,redirect
/living-workshop/2019/04/12/dear-henri,.com sitemap 2026-09-18,https://brianspoems.com/poem/dear-henri,301,poem text overlap 1.0 with /poem/dear-henri,high,redirect
/living-workshop/2019/04/13/somewheres-anywheres,.com sitemap 2026-09-18,https://brianspoems.com/poem/somewheres-anywheres,301,poem text overlap 0.779 with /poem/somewheres-anywheres,high,redirect
/living-workshop/2019/04/14/laughter,.com sitemap 2026-09-18,https://brianspoems.com/poem/laughter,301,poem text overlap 1.0 with /poem/laughter,high,redirect
/living-workshop/2019/04/15/time-on-the-road,.com sitemap 2026-09-18,https://brianspoems.com/poem/time-on-the-road,301,poem text overlap 0.871 with /poem/time-on-the-road,high,redirect
/living-workshop/2019/04/16/nature,.com sitemap 2026-09-18,https://brianspoems.com/poem/nature,301,poem text overlap 0.987 with /poem/nature,high,redirect
/living-workshop/2019/04/17/nothing-i-must-do,.com sitemap 2026-09-18,https://brianspoems.com/poem/nothing-i-must-do,301,poem text overlap 1.0 with /poem/nothing-i-must-do,high,redirect
/living-workshop/2019/04/18/counterphobic,.com sitemap 2026-09-18,https://brianspoems.com/poem/counterphobic,301,poem text overlap 0.935 with /poem/counterphobic,high,redirect
/living-workshop/2019/04/19/one-thousand,.com sitemap 2026-09-18,https://brianspoems.com/poem/one-thousand,301,poem text overlap 1.0 with /poem/one-thousand,high,redirect
/living-workshop/2019/04/20/reservoir-man,.com sitemap 2026-09-18,https://brianspoems.com/poem/reservoir-man,301,poem text overlap 1.0 with /poem/reservoir-man,high,redirect
/living-workshop/2019/04/21/walnut-hills,.com sitemap 2026-09-18,https://brianspoems.com/poem/walnut-hills,301,poem text overlap 0.739 with /poem/walnut-hills,high,redirect
/living-workshop/2019/04/22/dance-with-you,.com sitemap 2026-09-18,https://brianspoems.com/poem/dance-with-you,301,poem text overlap 0.886 with /poem/dance-with-you,high,redirect
/living-workshop/2019/04/23/black-sparrow,.com sitemap 2026-09-18,https://brianspoems.com/poem/black-sparrow,301,poem text overlap 0.715 with /poem/black-sparrow,high,redirect
/living-workshop/2019/04/24/life-on-the-road,.com sitemap 2026-09-18,https://brianspoems.com/poem/life-on-the-road,301,poem text overlap 0.968 with /poem/life-on-the-road,high,redirect
/living-workshop/2019/04/25/in-this-moment,.com sitemap 2026-09-18,https://brianspoems.com/poem/in-this-moment,301,poem text overlap 0.806 with /poem/in-this-moment,high,redirect
/living-workshop/2019/04/26/pangaea,.com sitemap 2026-09-18,https://brianspoems.com/poem/pangaea,301,poem text overlap 0.892 with /poem/pangaea,high,redirect
/living-workshop/2019/04/27/responsibility,.com sitemap 2026-09-18,https://brianspoems.com/poem/responsibility,301,poem text overlap 1.0 with /poem/responsibility,high,redirect
/living-workshop/2019/04/28/sea-of-tranquility,.com sitemap 2026-09-18,https://brianspoems.com/poem/sea-of-tranquility,301,poem text overlap 0.931 with /poem/sea-of-tranquility,high,redirect
/living-workshop/2019/04/29/reorder,.com sitemap 2026-09-18,https://brianspoems.com/poem/reorder,301,poem text overlap 0.87 with /poem/reorder,high,redirect
/living-workshop/2019/04/30/30-40-50,.com sitemap 2026-09-18,https://brianspoems.com/poem/30-40-50,301,poem text overlap 1.0 with /poem/30-40-50,high,redirect
/living-workshop/2019/05/01/being-human,.com sitemap 2026-09-18,https://brianspoems.com/poem/being-human-2,301,poem text overlap 1.0 with /poem/being-human-2,high,redirect
/living-workshop/2019/05/02/perhaps,.com sitemap 2026-09-18,https://brianspoems.com/poem/perhaps,301,poem text overlap 0.853 with /poem/perhaps,high,redirect
/living-workshop/2019/05/03/read-poetry,.com sitemap 2026-09-18,https://brianspoems.com/poem/read-poetry,301,poem text overlap 0.889 with /poem/read-poetry,high,redirect
/living-workshop/2019/05/04/lunch-with-an-old-friend,.com sitemap 2026-09-18,https://brianspoems.com/poem/lunch-with-an-old-friend,301,poem text overlap 1.0 with /poem/lunch-with-an-old-friend,high,redirect
/living-workshop/2019/05/05/no-middle,.com sitemap 2026-09-18,https://brianspoems.com/poem/no-middle,301,poem text overlap 1.0 with /poem/no-middle,high,redirect
/living-workshop/2019/05/06/too-much-talk,.com sitemap 2026-09-18,https://brianspoems.com/poem/too-much-talk,301,poem text overlap 1.0 with /poem/too-much-talk,high,redirect
/living-workshop/2019/05/07/follow-the-river,.com sitemap 2026-09-18,https://brianspoems.com/poem/follow-the-river,301,poem text overlap 1.0 with /poem/follow-the-river,high,redirect
/living-workshop/2019/05/08/anything-better,.com sitemap 2026-09-18,https://brianspoems.com/poem/anything-better,301,poem text overlap 0.692 with /poem/anything-better,high,redirect
/living-workshop/2019/05/09/sacred-thresholds,.com sitemap 2026-09-18,https://brianspoems.com/poem/sacred-thresholds,301,poem text overlap 1.0 with /poem/sacred-thresholds,high,redirect
/living-workshop/2019/05/10/a-million-little-things,.com sitemap 2026-09-18,https://brianspoems.com/poem/a-million-little-things,301,poem text overlap 0.977 with /poem/a-million-little-things,high,redirect
/living-workshop/2019/05/11/by-leaving,.com sitemap 2026-09-18,https://brianspoems.com/poem/by-leaving,301,poem text overlap 1.0 with /poem/by-leaving,high,redirect
/living-workshop/2019/05/12/full-and-empty,.com sitemap 2026-09-18,https://brianspoems.com/poem/full-and-empty,301,poem text overlap 1.0 with /poem/full-and-empty,high,redirect
/living-workshop/2019/05/13/soul-healing,.com sitemap 2026-09-18,https://brianspoems.com/poem/soul-healing,301,poem text overlap 0.916 with /poem/soul-healing,high,redirect
/living-workshop/2019/05/14/lou,.com sitemap 2026-09-18,https://brianspoems.com/poem/lou,301,poem text overlap 0.96 with /poem/lou,high,redirect
/living-workshop/2019/05/15/darkness,.com sitemap 2026-09-18,https://brianspoems.com/poem/darkness,301,poem text overlap 0.885 with /poem/darkness,high,redirect
/living-workshop/2019/05/16/the-satchel,.com sitemap 2026-09-18,https://brianspoems.com/poem/the-satchel,301,poem text overlap 0.908 with /poem/the-satchel,high,redirect
/living-workshop/2019/05/17/roads,.com sitemap 2026-09-18,https://brianspoems.com/poem/roads-2,301,poem text overlap 0.849 with /poem/roads-2,high,redirect
/living-workshop/2019/05/18/threads-of-me,.com sitemap 2026-09-18,https://brianspoems.com/poem/threads-of-me,301,poem text overlap 1.0 with /poem/threads-of-me,high,redirect
/living-workshop/2019/05/19/peace-of-mind,.com sitemap 2026-09-18,https://brianspoems.com/poem/peace-of-mind,301,poem text overlap 1.0 with /poem/peace-of-mind,high,redirect
/living-workshop/2019/05/20/the-art-of-letting-go,.com sitemap 2026-09-18,https://brianspoems.com/poem/the-art-of-letting-go,301,poem text overlap 1.0 with /poem/the-art-of-letting-go,high,redirect
/living-workshop/2019/05/21/criticism,.com sitemap 2026-09-18,https://brianspoems.com/poem/criticism,301,poem text overlap 1.0 with /poem/criticism,high,redirect
/living-workshop/2019/05/22/loopholes,.com sitemap 2026-09-18,https://brianspoems.com/poem/loopholes,301,poem text overlap 0.756 with /poem/loopholes,high,redirect
/living-workshop/2019/05/23/shadow-world,.com sitemap 2026-09-18,/blog,301,best candidate /poem/shadow-world scored 0.497,low - needs review,redirect - generic
/living-workshop/2019/05/24/detachment,.com sitemap 2026-09-18,https://brianspoems.com/poem/detachment,301,poem text overlap 0.568 with /poem/detachment,high,redirect
/living-workshop/2019/05/25/the-treasure,.com sitemap 2026-09-18,https://brianspoems.com/poem/the-treasure,301,poem text overlap 0.835 with /poem/the-treasure,high,redirect
/living-workshop/2019/05/26/inevitability,.com sitemap 2026-09-18,https://brianspoems.com/poem/inevitability,301,poem text overlap 1.0 with /poem/inevitability,high,redirect
/living-workshop/2019/05/27/same-questions,.com sitemap 2026-09-18,https://brianspoems.com/poem/same-questions,301,poem text overlap 0.791 with /poem/same-questions,high,redirect
/living-workshop/2019/05/28/tell-me-who,.com sitemap 2026-09-18,https://brianspoems.com/poem/tell-me-who,301,poem text overlap 1.0 with /poem/tell-me-who,high,redirect
/living-workshop/2019/05/29/bullfrog,.com sitemap 2026-09-18,https://brianspoems.com/poem/bullfrog,301,poem text overlap 1.0 with /poem/bullfrog,high,redirect
/living-workshop/2019/05/30/freedom,.com sitemap 2026-09-18,https://brianspoems.com/poem/freedom,301,poem text overlap 0.736 with /poem/freedom,high,redirect
/living-workshop/2019/05/31/belonging,.com sitemap 2026-09-18,https://brianspoems.com/poem/belonging-2,301,poem text overlap 0.865 with /poem/belonging-2,high,redirect
/living-workshop/2019/06/01/if-you-must,.com sitemap 2026-09-18,https://brianspoems.com/poem/if-you-must,301,poem text overlap 0.986 with /poem/if-you-must,high,redirect
/living-workshop/2019/06/02/a-humble-spirit,.com sitemap 2026-09-18,https://brianspoems.com/poem/a-humble-spirit,301,poem text overlap 0.809 with /poem/a-humble-spirit,high,redirect
/living-workshop/2019/06/03/back-for-me,.com sitemap 2026-09-18,https://brianspoems.com/poem/back-for-me,301,poem text overlap 0.989 with /poem/back-for-me,high,redirect
/living-workshop/2019/06/04/go-out-alone,.com sitemap 2026-09-18,https://brianspoems.com/poem/go-out-alone,301,poem text overlap 1.0 with /poem/go-out-alone,high,redirect
/living-workshop/2019/06/05/the-choir,.com sitemap 2026-09-18,https://brianspoems.com/poem/the-choir,301,poem text overlap 0.984 with /poem/the-choir,high,redirect
/living-workshop/2019/06/06/the-price-of-kissing,.com sitemap 2026-09-18,https://brianspoems.com/poem/the-price-of-kissing,301,poem text overlap 0.986 with /poem/the-price-of-kissing,high,redirect
/living-workshop/2019/06/07/for-chuck,.com sitemap 2026-09-18,https://brianspoems.com/poem/for-chuck,301,poem text overlap 0.75 with /poem/for-chuck,high,redirect
/living-workshop/2019/06/08/before-and-after,.com sitemap 2026-09-18,https://brianspoems.com/poem/before-and-after,301,poem text overlap 1.0 with /poem/before-and-after,high,redirect
/living-workshop/2019/06/09/loves-bounty,.com sitemap 2026-09-18,https://brianspoems.com/poem/love-s-bounty,301,poem text overlap 1.0 with /poem/love-s-bounty,high,redirect
/living-workshop/2019/06/10/i-go-to-meetings,.com sitemap 2026-09-18,/blog,301,best candidate /poem/i-go-to-meetings scored 0.309,low - needs review,redirect - generic
/living-workshop/2019/06/10/life-and-death,.com sitemap 2026-09-18,https://brianspoems.com/poem/life-and-death,301,poem text overlap 1.0 with /poem/life-and-death,high,redirect
/living-workshop/2019/06/11/churning,.com sitemap 2026-09-18,https://brianspoems.com/poem/churning,301,poem text overlap 1.0 with /poem/churning,high,redirect
/living-workshop/2019/06/12/try-listening,.com sitemap 2026-09-18,https://brianspoems.com/poem/try-listening,301,poem text overlap 0.919 with /poem/try-listening,high,redirect
/living-workshop/2019/06/13/i-need-your-help,.com sitemap 2026-09-18,https://brianspoems.com/poem/i-need-your-help,301,poem text overlap 0.855 with /poem/i-need-your-help,high,redirect
/living-workshop/2019/06/14/the-center,.com sitemap 2026-09-18,https://brianspoems.com/poem/the-center,301,poem text overlap 0.679 with /poem/the-center,high,redirect
/living-workshop/2019/06/15/a-birthday-wish,.com sitemap 2026-09-18,https://brianspoems.com/poem/a-birthday-wish,301,poem text overlap 1.0 with /poem/a-birthday-wish,high,redirect
/living-workshop/2019/06/16/cathedral-of-creation,.com sitemap 2026-09-18,https://brianspoems.com/poem/cathedral-of-creation,301,poem text overlap 1.0 with /poem/cathedral-of-creation,high,redirect
/living-workshop/2019/06/17/i-see-the-creek,.com sitemap 2026-09-18,https://brianspoems.com/poem/i-see-the-creek,301,poem text overlap 0.874 with /poem/i-see-the-creek,high,redirect
/living-workshop/2019/06/18/one-transcendence,.com sitemap 2026-09-18,https://brianspoems.com/poem/one-transcendence,301,poem text overlap 1.0 with /poem/one-transcendence,high,redirect
/living-workshop/2019/06/19/good-grief,.com sitemap 2026-09-18,https://brianspoems.com/poem/good-grief,301,poem text overlap 0.721 with /poem/good-grief,high,redirect
/living-workshop/2019/06/20/maybe-so,.com sitemap 2026-09-18,https://brianspoems.com/poem/maybe-so,301,poem text overlap 0.875 with /poem/maybe-so,high,redirect
/living-workshop/2019/06/21/once-we-get-there,.com sitemap 2026-09-18,https://brianspoems.com/poem/once-we-get-there,301,poem text overlap 1.0 with /poem/once-we-get-there,high,redirect
/living-workshop/2019/06/22/whats-your-beef,.com sitemap 2026-09-18,https://brianspoems.com/poem/what-s-your-beef,301,poem text overlap 0.975 with /poem/what-s-your-beef,high,redirect
/living-workshop/2019/06/23/the-souls-work,.com sitemap 2026-09-18,https://brianspoems.com/poem/the-soul-s-work,301,poem text overlap 0.72 with /poem/the-soul-s-work,high,redirect
/living-workshop/2019/06/24/see-this-world,.com sitemap 2026-09-18,https://brianspoems.com/poem/see-this-world,301,poem text overlap 1.0 with /poem/see-this-world,high,redirect
/living-workshop/2019/06/25/jonah,.com sitemap 2026-09-18,https://brianspoems.com/poem/jonah,301,poem text overlap 0.819 with /poem/jonah,high,redirect
/living-workshop/2019/06/26/we-the-unknown,.com sitemap 2026-09-18,https://brianspoems.com/poem/we-the-unknown,301,poem text overlap 0.93 with /poem/we-the-unknown,high,redirect
/living-workshop/2019/06/27/obligation,.com sitemap 2026-09-18,https://brianspoems.com/poem/obligation,301,poem text overlap 0.51 with /poem/obligation,high,redirect
/living-workshop/2019/06/28/courage,.com sitemap 2026-09-18,https://brianspoems.com/poem/courage,301,poem text overlap 0.981 with /poem/courage,high,redirect
/living-workshop/2019/06/29/poetry,.com sitemap 2026-09-18,https://brianspoems.com/poem/poetry,301,poem text overlap 1.0 with /poem/poetry,high,redirect
/living-workshop/2019/06/30/in-the-blue,.com sitemap 2026-09-18,https://brianspoems.com/poem/in-the-blue,301,poem text overlap 1.0 with /poem/in-the-blue,high,redirect
/living-workshop/2019/07/01/aniara,.com sitemap 2026-09-18,https://brianspoems.com/poem/aniara,301,poem text overlap 0.807 with /poem/aniara,high,redirect
/living-workshop/2019/07/02/the-ancients,.com sitemap 2026-09-18,https://brianspoems.com/poem/the-ancients,301,poem text overlap 1.0 with /poem/the-ancients,high,redirect
/living-workshop/2019/07/03/the-shadow-knows,.com sitemap 2026-09-18,https://brianspoems.com/poem/the-shadow-knows,301,poem text overlap 0.833 with /poem/the-shadow-knows,high,redirect
/living-workshop/2019/07/04/war-is-hell,.com sitemap 2026-09-18,/blog,301,best candidate /poem/war-is-hell scored 0.406,low - needs review,redirect - generic
/living-workshop/2019/07/05/gone-native,.com sitemap 2026-09-18,https://brianspoems.com/poem/gone-native,301,poem text overlap 1.0 with /poem/gone-native,high,redirect
/living-workshop/2019/07/06/worry,.com sitemap 2026-09-18,https://brianspoems.com/poem/worry,301,poem text overlap 0.954 with /poem/worry,high,redirect
/living-workshop/2019/07/07/god-knife,.com sitemap 2026-09-18,https://brianspoems.com/poem/god-knife,301,poem text overlap 1.0 with /poem/god-knife,high,redirect
/living-workshop/2019/07/08/causality,.com sitemap 2026-09-18,https://brianspoems.com/poem/causality,301,poem text overlap 1.0 with /poem/causality,high,redirect
/living-workshop/2019/07/09/fully-alive,.com sitemap 2026-09-18,https://brianspoems.com/poem/fully-alive,301,poem text overlap 1.0 with /poem/fully-alive,high,redirect
/living-workshop/2019/07/10/there-too,.com sitemap 2026-09-18,https://brianspoems.com/poem/there-too,301,poem text overlap 1.0 with /poem/there-too,high,redirect
/living-workshop/2019/07/11/final-notes,.com sitemap 2026-09-18,https://brianspoems.com/poem/final-notes,301,poem text overlap 0.594 with /poem/final-notes,high,redirect
/living-workshop/2019/07/12/only-rest,.com sitemap 2026-09-18,https://brianspoems.com/poem/only-rest,301,poem text overlap 1.0 with /poem/only-rest,high,redirect
/living-workshop/2019/07/13/gods-being,.com sitemap 2026-09-18,https://brianspoems.com/poem/god-s-being,301,poem text overlap 1.0 with /poem/god-s-being,high,redirect
/living-workshop/2019/07/14/little-spirits,.com sitemap 2026-09-18,https://brianspoems.com/poem/little-spirits,301,poem text overlap 0.722 with /poem/little-spirits,high,redirect
/living-workshop/2019/07/15/a-break,.com sitemap 2026-09-18,https://brianspoems.com/poem/a-break,301,poem text overlap 0.969 with /poem/a-break,high,redirect
/living-workshop/2019/07/16/shadow-boxing,.com sitemap 2026-09-18,https://brianspoems.com/poem/shadow-boxing,301,poem text overlap 1.0 with /poem/shadow-boxing,high,redirect
/living-workshop/2019/07/17/wholehearted,.com sitemap 2026-09-18,https://brianspoems.com/poem/wholehearted,301,poem text overlap 0.981 with /poem/wholehearted,high,redirect
/living-workshop/2019/07/18/grace,.com sitemap 2026-09-18,https://brianspoems.com/poem/grace,301,poem text overlap 0.901 with /poem/grace,high,redirect
/living-workshop/2019/07/19/compromise,.com sitemap 2026-09-18,https://brianspoems.com/poem/compromise,301,poem text overlap 1.0 with /poem/compromise,high,redirect
/living-workshop/2019/07/20/the-grocery,.com sitemap 2026-09-18,https://brianspoems.com/poem/the-grocery,301,poem text overlap 0.739 with /poem/the-grocery,high,redirect
/living-workshop/2019/07/21/what-all-this-means,.com sitemap 2026-09-18,https://brianspoems.com/poem/what-all-this-means,301,poem text overlap 0.879 with /poem/what-all-this-means,high,redirect
/living-workshop/2019/07/22/unitive-love,.com sitemap 2026-09-18,https://brianspoems.com/poem/unitive-love,301,poem text overlap 0.989 with /poem/unitive-love,high,redirect
/living-workshop/2019/07/23/grace,.com sitemap 2026-09-18,https://brianspoems.com/poem/grace-2,301,poem text overlap 0.848 with /poem/grace-2,high,redirect
/living-workshop/2019/07/24/my-grief,.com sitemap 2026-09-18,https://brianspoems.com/poem/my-grief,301,poem text overlap 0.605 with /poem/my-grief,high,redirect
/living-workshop/2019/07/25/sobriety,.com sitemap 2026-09-18,https://brianspoems.com/poem/sobriety,301,poem text overlap 0.963 with /poem/sobriety,high,redirect
/living-workshop/2019/07/26/a-toothache,.com sitemap 2026-09-18,https://brianspoems.com/poem/a-toothache,301,poem text overlap 1.0 with /poem/a-toothache,high,redirect
/living-workshop/2019/07/27/sinusitis,.com sitemap 2026-09-18,https://brianspoems.com/poem/sinusitis,301,poem text overlap 1.0 with /poem/sinusitis,high,redirect
/living-workshop/2019/07/28/crawly-things,.com sitemap 2026-09-18,https://brianspoems.com/poem/crawly-things,301,poem text overlap 0.918 with /poem/crawly-things,high,redirect
/living-workshop/2019/07/30/good-fortune,.com sitemap 2026-09-18,https://brianspoems.com/poem/good-fortune,301,poem text overlap 1.0 with /poem/good-fortune,high,redirect
/living-workshop/2019/07/31/what-beckons,.com sitemap 2026-09-18,https://brianspoems.com/poem/what-beckons,301,poem text overlap 1.0 with /poem/what-beckons,high,redirect
/living-workshop/2019/08/01/my-laundry-list,.com sitemap 2026-09-18,https://brianspoems.com/poem/my-laundry-list,301,poem text overlap 1.0 with /poem/my-laundry-list,high,redirect
/living-workshop/2019/08/02/over-and-again,.com sitemap 2026-09-18,https://brianspoems.com/poem/over-and-again,301,poem text overlap 1.0 with /poem/over-and-again,high,redirect
/living-workshop/2019/08/03/the-sound-of-silence,.com sitemap 2026-09-18,/blog,301,best candidate /poem/the-sound-of-silence scored 0.489,low - needs review,redirect - generic
/living-workshop/2019/08/04/at-the-creek-bottom,.com sitemap 2026-09-18,https://brianspoems.com/poem/at-the-creek-bottom,301,poem text overlap 0.811 with /poem/at-the-creek-bottom,high,redirect
/living-workshop/2019/08/05/sing,.com sitemap 2026-09-18,https://brianspoems.com/poem/sing,301,poem text overlap 0.645 with /poem/sing,high,redirect
/living-workshop/2019/08/06/salt-water,.com sitemap 2026-09-18,/blog,301,no candidate on brianspoems.com,low - needs review,redirect - generic
/living-workshop/2019/08/07/healing-modalities,.com sitemap 2026-09-18,https://brianspoems.com/poem/healing-modalities,301,poem text overlap 1.0 with /poem/healing-modalities,high,redirect
/living-workshop/2019/08/07/putting-it-all-together,.com sitemap 2026-09-18,https://brianspoems.com/poem/putting-it-all-together,301,poem text overlap 1.0 with /poem/putting-it-all-together,high,redirect
/living-workshop/2019/08/08/the-notes,.com sitemap 2026-09-18,https://brianspoems.com/poem/the-notes,301,poem text overlap 0.947 with /poem/the-notes,high,redirect
/living-workshop/2019/08/09/community,.com sitemap 2026-09-18,https://brianspoems.com/poem/community,301,poem text overlap 0.818 with /poem/community,high,redirect
/living-workshop/2019/08/10/releasing,.com sitemap 2026-09-18,https://brianspoems.com/poem/releasing,301,poem text overlap 0.754 with /poem/releasing,high,redirect
/living-workshop/2019/08/11/tell-me,.com sitemap 2026-09-18,https://brianspoems.com/poem/tell-me,301,poem text overlap 0.754 with /poem/tell-me,high,redirect
/living-workshop/2019/08/12/take-that-leap,.com sitemap 2026-09-18,https://brianspoems.com/poem/take-that-leap,301,poem text overlap 1.0 with /poem/take-that-leap,high,redirect
/living-workshop/2019/08/13/joy-of-being,.com sitemap 2026-09-18,https://brianspoems.com/poem/joy-of-being,301,poem text overlap 0.955 with /poem/joy-of-being,high,redirect
/living-workshop/2019/08/14/bite-your-tongue,.com sitemap 2026-09-18,https://brianspoems.com/poem/bite-your-tongue,301,poem text overlap 0.727 with /poem/bite-your-tongue,high,redirect
/living-workshop/2019/08/15/a-beginnings-end,.com sitemap 2026-09-18,https://brianspoems.com/poem/a-beginning-s-end,301,poem text overlap 1.0 with /poem/a-beginning-s-end,high,redirect
/living-workshop/2019/08/16/the-silver-lining,.com sitemap 2026-09-18,https://brianspoems.com/poem/the-silver-lining,301,poem text overlap 0.705 with /poem/the-silver-lining,high,redirect
/living-workshop/2019/08/17/beyond-cost,.com sitemap 2026-09-18,https://brianspoems.com/poem/beyond-cost,301,poem text overlap 0.796 with /poem/beyond-cost,high,redirect
/living-workshop/2019/08/18/the-manuals,.com sitemap 2026-09-18,https://brianspoems.com/poem/the-manuals,301,poem text overlap 0.771 with /poem/the-manuals,high,redirect
/living-workshop/2019/08/19/nothing-beyond-living,.com sitemap 2026-09-18,https://brianspoems.com/poem/nothing-beyond-living,301,poem text overlap 0.64 with /poem/nothing-beyond-living,high,redirect
/living-workshop/2019/08/20/come-into-the-light,.com sitemap 2026-09-18,https://brianspoems.com/poem/come-into-the-light,301,poem text overlap 0.738 with /poem/come-into-the-light,high,redirect
/living-workshop/2019/08/21/truth-and-the-soul,.com sitemap 2026-09-18,https://brianspoems.com/poem/truth-and-the-soul,301,poem text overlap 0.959 with /poem/truth-and-the-soul,high,redirect
/living-workshop/2019/08/22/figuring-it-all-out,.com sitemap 2026-09-18,https://brianspoems.com/poem/figuring-it-all-out,301,poem text overlap 0.629 with /poem/figuring-it-all-out,high,redirect
/living-workshop/2019/08/23/churched,.com sitemap 2026-09-18,https://brianspoems.com/poem/churched,301,poem text overlap 0.794 with /poem/churched,high,redirect
/living-workshop/2019/08/24/she,.com sitemap 2026-09-18,https://brianspoems.com/poem/she,301,poem text overlap 0.866 with /poem/she,high,redirect
/living-workshop/2019/08/25/presbyopia,.com sitemap 2026-09-18,https://brianspoems.com/poem/presbyopia,301,poem text overlap 1.0 with /poem/presbyopia,high,redirect
/living-workshop/2019/08/26/those-who-survive,.com sitemap 2026-09-18,https://brianspoems.com/poem/those-who-survive,301,poem text overlap 0.659 with /poem/those-who-survive,high,redirect
/living-workshop/2019/08/27/witness-me-bargaining,.com sitemap 2026-09-18,https://brianspoems.com/poem/witness-me-bargaining,301,poem text overlap 0.837 with /poem/witness-me-bargaining,high,redirect
/living-workshop/2019/08/28/whats-the-right-amount,.com sitemap 2026-09-18,https://brianspoems.com/poem/what-s-the-right-amount,301,poem text overlap 0.989 with /poem/what-s-the-right-amount,high,redirect
/living-workshop/2019/08/29/a-prayer-for-everyone,.com sitemap 2026-09-18,https://brianspoems.com/poem/a-prayer-for-everyone,301,poem text overlap 1.0 with /poem/a-prayer-for-everyone,high,redirect
/living-workshop/2019/08/30/twice,.com sitemap 2026-09-18,https://brianspoems.com/poem/twice,301,poem text overlap 1.0 with /poem/twice,high,redirect
/living-workshop/2019/08/31/cheers-to-the-misfits,.com sitemap 2026-09-18,https://brianspoems.com/poem/cheers-to-the-misfits,301,poem text overlap 0.771 with /poem/cheers-to-the-misfits,high,redirect
/living-workshop/2019/09/01/set-yourself-free,.com sitemap 2026-09-18,https://brianspoems.com/poem/set-yourself-free,301,poem text overlap 0.73 with /poem/set-yourself-free,high,redirect
/living-workshop/2019/09/02/rock,.com sitemap 2026-09-18,https://brianspoems.com/poem/rock,301,poem text overlap 0.884 with /poem/rock,high,redirect
/living-workshop/2019/09/03/love,.com sitemap 2026-09-18,https://brianspoems.com/poem/love,301,poem text overlap 0.723 with /poem/love,high,redirect
/living-workshop/2019/09/04/community,.com sitemap 2026-09-18,/blog,301,best candidate /poem/community scored 0.027,low - needs review,redirect - generic
/living-workshop/2019/09/05/the-winds,.com sitemap 2026-09-18,https://brianspoems.com/poem/the-winds,301,poem text overlap 0.989 with /poem/the-winds,high,redirect
/living-workshop/2019/09/06/nostalgia,.com sitemap 2026-09-18,https://brianspoems.com/poem/nostalgia-2,301,poem text overlap 0.723 with /poem/nostalgia-2,high,redirect
/living-workshop/2019/09/07/lucky,.com sitemap 2026-09-18,https://brianspoems.com/poem/lucky,301,poem text overlap 1.0 with /poem/lucky,high,redirect
/living-workshop/2019/09/08/decay,.com sitemap 2026-09-18,https://brianspoems.com/poem/decay,301,poem text overlap 1.0 with /poem/decay,high,redirect
/living-workshop/2019/09/09/soul-food,.com sitemap 2026-09-18,https://brianspoems.com/poem/soul-food,301,poem text overlap 1.0 with /poem/soul-food,high,redirect
/living-workshop/2019/09/10/awakened,.com sitemap 2026-09-18,https://brianspoems.com/poem/awakened,301,poem text overlap 0.595 with /poem/awakened,high,redirect
/living-workshop/2019/09/11/the-poetry-of-fierce-landscapes,.com sitemap 2026-09-18,https://brianspoems.com/poem/the-poetry-of-fierce-landscapes,301,poem text overlap 0.755 with /poem/the-poetry-of-fierce-landscapes,high,redirect
/living-workshop/2019/09/12/if-ever,.com sitemap 2026-09-18,https://brianspoems.com/poem/if-ever,301,poem text overlap 1.0 with /poem/if-ever,high,redirect
/living-workshop/2019/09/13/the-crescendo,.com sitemap 2026-09-18,https://brianspoems.com/poem/the-crescendo,301,poem text overlap 0.953 with /poem/the-crescendo,high,redirect
/living-workshop/2019/09/14/all-those-places,.com sitemap 2026-09-18,https://brianspoems.com/poem/all-those-places,301,poem text overlap 0.853 with /poem/all-those-places,high,redirect
/living-workshop/2019/09/15/i-used-to-know,.com sitemap 2026-09-18,https://brianspoems.com/poem/i-used-to-know,301,poem text overlap 1.0 with /poem/i-used-to-know,high,redirect
/living-workshop/2019/09/16/a-softening,.com sitemap 2026-09-18,https://brianspoems.com/poem/a-softening,301,poem text overlap 0.517 with /poem/a-softening,high,redirect
/living-workshop/2019/09/17/grandfather,.com sitemap 2026-09-18,https://brianspoems.com/poem/grandfather,301,poem text overlap 0.662 with /poem/grandfather,high,redirect
/living-workshop/2019/09/18/amazing-grace,.com sitemap 2026-09-18,https://brianspoems.com/poem/amazing-grace,301,poem text overlap 1.0 with /poem/amazing-grace,high,redirect
/living-workshop/2019/09/19/things-i-dont-remember,.com sitemap 2026-09-18,https://brianspoems.com/poem/things-i-don-t-remember,301,poem text overlap 1.0 with /poem/things-i-don-t-remember,high,redirect
/living-workshop/2019/09/20/surprising,.com sitemap 2026-09-18,https://brianspoems.com/poem/surprising,301,poem text overlap 0.988 with /poem/surprising,high,redirect
/living-workshop/2019/09/21/silencio,.com sitemap 2026-09-18,https://brianspoems.com/poem/silencio,301,poem text overlap 0.77 with /poem/silencio,high,redirect
/living-workshop/2019/09/22/to-be-an-x,.com sitemap 2026-09-18,https://brianspoems.com/poem/to-be-an-x,301,poem text overlap 0.815 with /poem/to-be-an-x,high,redirect
/living-workshop/2019/09/23/my-soul-is-serene,.com sitemap 2026-09-18,https://brianspoems.com/poem/my-soul-is-serene,301,poem text overlap 1.0 with /poem/my-soul-is-serene,high,redirect
/living-workshop/2019/09/24/instrument-of-love,.com sitemap 2026-09-18,https://brianspoems.com/poem/instrument-of-love,301,poem text overlap 0.894 with /poem/instrument-of-love,high,redirect
/living-workshop/2019/09/25/gothic-love,.com sitemap 2026-09-18,https://brianspoems.com/poem/gothic-love,301,poem text overlap 0.508 with /poem/gothic-love,high,redirect
/living-workshop/2019/09/25/my-first-poem,.com sitemap 2026-09-18,https://brianspoems.com/poem/my-first-poem,301,poem text overlap 1.0 with /poem/my-first-poem,high,redirect
/living-workshop/2019/09/26/beyond-love-stories,.com sitemap 2026-09-18,https://brianspoems.com/poem/beyond-love-stories,301,poem text overlap 1.0 with /poem/beyond-love-stories,high,redirect
/living-workshop/2019/09/27/breath,.com sitemap 2026-09-18,https://brianspoems.com/poem/breath,301,poem text overlap 0.955 with /poem/breath,high,redirect
/living-workshop/2019/09/28/manhood,.com sitemap 2026-09-18,https://brianspoems.com/poem/manhood,301,poem text overlap 0.899 with /poem/manhood,high,redirect
/living-workshop/2019/09/29/pour,.com sitemap 2026-09-18,https://brianspoems.com/poem/pour,301,poem text overlap 1.0 with /poem/pour,high,redirect
/living-workshop/2019/09/30/the-real-thing,.com sitemap 2026-09-18,https://brianspoems.com/poem/the-real-thing,301,poem text overlap 0.938 with /poem/the-real-thing,high,redirect
/living-workshop/2019/1/1/our-feelings,.com sitemap 2026-09-18,https://brianspoems.com/poem/our-feelings,301,poem text overlap 0.904 with /poem/our-feelings,high,redirect
/living-workshop/2019/1/10/does,.com sitemap 2026-09-18,https://brianspoems.com/poem/does,301,poem text overlap 1.0 with /poem/does,high,redirect
/living-workshop/2019/1/11/the-real-you,.com sitemap 2026-09-18,https://brianspoems.com/poem/the-real-you,301,poem text overlap 0.988 with /poem/the-real-you,high,redirect
/living-workshop/2019/1/12/heart-spark,.com sitemap 2026-09-18,https://brianspoems.com/poem/heart-spark,301,poem text overlap 0.984 with /poem/heart-spark,high,redirect
/living-workshop/2019/1/13/a-traveling-conversation,.com sitemap 2026-09-18,https://brianspoems.com/poem/a-traveling-conversation,301,poem text overlap 0.969 with /poem/a-traveling-conversation,high,redirect
/living-workshop/2019/1/14/laws-of-man,.com sitemap 2026-09-18,https://brianspoems.com/poem/laws-of-man,301,poem text overlap 0.987 with /poem/laws-of-man,high,redirect
/living-workshop/2019/1/15/an-existential-question,.com sitemap 2026-09-18,https://brianspoems.com/poem/an-existential-question,301,poem text overlap 0.964 with /poem/an-existential-question,high,redirect
/living-workshop/2019/1/16/sanctuary,.com sitemap 2026-09-18,https://brianspoems.com/poem/sanctuary,301,poem text overlap 1.0 with /poem/sanctuary,high,redirect
/living-workshop/2019/1/17/wham,.com sitemap 2026-09-18,https://brianspoems.com/poem/wham,301,poem text overlap 1.0 with /poem/wham,high,redirect
/living-workshop/2019/1/18/athena,.com sitemap 2026-09-18,https://brianspoems.com/poem/athena,301,poem text overlap 0.929 with /poem/athena,high,redirect
/living-workshop/2019/1/2/big-catch,.com sitemap 2026-09-18,https://brianspoems.com/poem/big-catch,301,poem text overlap 0.524 with /poem/big-catch,high,redirect
/living-workshop/2019/1/20/home,.com sitemap 2026-09-18,https://brianspoems.com/poem/home,301,poem text overlap 0.964 with /poem/home,high,redirect
/living-workshop/2019/1/21/home-2,.com sitemap 2026-09-18,https://brianspoems.com/poem/home-2,301,poem text overlap 0.924 with /poem/home-2,high,redirect
/living-workshop/2019/1/22/her-stand,.com sitemap 2026-09-18,https://brianspoems.com/poem/her-stand,301,poem text overlap 1.0 with /poem/her-stand,high,redirect
/living-workshop/2019/1/23/the-war-within,.com sitemap 2026-09-18,https://brianspoems.com/poem/the-war-within,301,poem text overlap 0.856 with /poem/the-war-within,high,redirect
/living-workshop/2019/1/24/a-billion-collisions,.com sitemap 2026-09-18,https://brianspoems.com/poem/a-billion-collisions,301,poem text overlap 1.0 with /poem/a-billion-collisions,high,redirect
/living-workshop/2019/1/25/let-stillness-ask-the-questions,.com sitemap 2026-09-18,https://brianspoems.com/poem/let-stillness-ask-the-questions,301,poem text overlap 0.842 with /poem/let-stillness-ask-the-questions,high,redirect
/living-workshop/2019/1/26/a-thousand-days-off,.com sitemap 2026-09-18,https://brianspoems.com/poem/a-thousand-days-off,301,poem text overlap 0.806 with /poem/a-thousand-days-off,high,redirect
/living-workshop/2019/1/27/exiles,.com sitemap 2026-09-18,https://brianspoems.com/poem/exiles,301,poem text overlap 0.924 with /poem/exiles,high,redirect
/living-workshop/2019/1/28/lodestone,.com sitemap 2026-09-18,https://brianspoems.com/poem/lodestone,301,poem text overlap 1.0 with /poem/lodestone,high,redirect
/living-workshop/2019/1/29/slow-shutter-camera,.com sitemap 2026-09-18,https://brianspoems.com/poem/slow-shutter-camera,301,poem text overlap 0.679 with /poem/slow-shutter-camera,high,redirect
/living-workshop/2019/1/3/listening,.com sitemap 2026-09-18,https://brianspoems.com/poem/listening,301,poem text overlap 0.986 with /poem/listening,high,redirect
/living-workshop/2019/1/30/stress,.com sitemap 2026-09-18,https://brianspoems.com/poem/stress,301,poem text overlap 1.0 with /poem/stress,high,redirect
/living-workshop/2019/1/31/lake-erie,.com sitemap 2026-09-18,https://brianspoems.com/poem/lake-erie,301,poem text overlap 0.86 with /poem/lake-erie,high,redirect
/living-workshop/2019/1/4/joy,.com sitemap 2026-09-18,https://brianspoems.com/poem/joy,301,poem text overlap 0.964 with /poem/joy,high,redirect
/living-workshop/2019/1/5/emptying,.com sitemap 2026-09-18,https://brianspoems.com/poem/emptying,301,poem text overlap 0.985 with /poem/emptying,high,redirect
/living-workshop/2019/1/6/my-shadow,.com sitemap 2026-09-18,https://brianspoems.com/poem/my-shadow,301,poem text overlap 1.0 with /poem/my-shadow,high,redirect
/living-workshop/2019/1/7/good-metaphor,.com sitemap 2026-09-18,https://brianspoems.com/poem/good-metaphor,301,poem text overlap 1.0 with /poem/good-metaphor,high,redirect
/living-workshop/2019/1/8/not-here,.com sitemap 2026-09-18,https://brianspoems.com/poem/not-here,301,poem text overlap 0.978 with /poem/not-here,high,redirect
/living-workshop/2019/1/9/amigos,.com sitemap 2026-09-18,https://brianspoems.com/poem/amigos,301,poem text overlap 0.787 with /poem/amigos,high,redirect
/living-workshop/2019/10/01/outages,.com sitemap 2026-09-18,https://brianspoems.com/poem/outages,301,poem text overlap 0.856 with /poem/outages,high,redirect
/living-workshop/2019/10/02/love-is,.com sitemap 2026-09-18,https://brianspoems.com/poem/love-is,301,poem text overlap 0.932 with /poem/love-is,high,redirect
/living-workshop/2019/10/03/intimacy,.com sitemap 2026-09-18,https://brianspoems.com/poem/intimacy,301,poem text overlap 0.968 with /poem/intimacy,high,redirect
/living-workshop/2019/10/04/we-belong,.com sitemap 2026-09-18,https://brianspoems.com/poem/we-belong,301,poem text overlap 1.0 with /poem/we-belong,high,redirect
/living-workshop/2019/10/05/for-all-those-days,.com sitemap 2026-09-18,https://brianspoems.com/poem/for-all-those-days,301,poem text overlap 0.845 with /poem/for-all-those-days,high,redirect
/living-workshop/2019/10/06/stars-are-the-light,.com sitemap 2026-09-18,https://brianspoems.com/poem/stars-are-the-light,301,poem text overlap 1.0 with /poem/stars-are-the-light,high,redirect
/living-workshop/2019/10/07/beating-heart,.com sitemap 2026-09-18,https://brianspoems.com/poem/beating-heart,301,poem text overlap 0.721 with /poem/beating-heart,high,redirect
/living-workshop/2019/10/08/foot-rub,.com sitemap 2026-09-18,https://brianspoems.com/poem/foot-rub,301,poem text overlap 1.0 with /poem/foot-rub,high,redirect
/living-workshop/2019/10/09/this-sacred-space,.com sitemap 2026-09-18,https://brianspoems.com/poem/this-sacred-space,301,poem text overlap 1.0 with /poem/this-sacred-space,high,redirect
/living-workshop/2019/10/10/my-favorite-colors,.com sitemap 2026-09-18,https://brianspoems.com/poem/my-favorite-colors,301,poem text overlap 1.0 with /poem/my-favorite-colors,high,redirect
/living-workshop/2019/10/11/a-love-feast,.com sitemap 2026-09-18,https://brianspoems.com/poem/a-love-feast,301,poem text overlap 0.753 with /poem/a-love-feast,high,redirect
/living-workshop/2019/10/12/oblivion,.com sitemap 2026-09-18,https://brianspoems.com/poem/oblivion,301,poem text overlap 0.985 with /poem/oblivion,high,redirect
/living-workshop/2019/10/13/decoding-the-spirits,.com sitemap 2026-09-18,https://brianspoems.com/poem/decoding-the-spirits,301,poem text overlap 0.939 with /poem/decoding-the-spirits,high,redirect
/living-workshop/2019/10/14/everyone,.com sitemap 2026-09-18,https://brianspoems.com/poem/everyone,301,poem text overlap 0.988 with /poem/everyone,high,redirect
/living-workshop/2019/10/15/a-better-me,.com sitemap 2026-09-18,https://brianspoems.com/poem/a-better-me,301,poem text overlap 1.0 with /poem/a-better-me,high,redirect
/living-workshop/2019/10/17/timeless-truth,.com sitemap 2026-09-18,https://brianspoems.com/poem/timeless-truth,301,poem text overlap 0.891 with /poem/timeless-truth,high,redirect
/living-workshop/2019/10/18/birkenstock,.com sitemap 2026-09-18,https://brianspoems.com/poem/birkenstock,301,poem text overlap 1.0 with /poem/birkenstock,high,redirect
/living-workshop/2019/10/19/did-not-last,.com sitemap 2026-09-18,https://brianspoems.com/poem/did-not-last,301,poem text overlap 0.988 with /poem/did-not-last,high,redirect
/living-workshop/2019/10/20/inner-peace,.com sitemap 2026-09-18,https://brianspoems.com/poem/inner-peace,301,poem text overlap 1.0 with /poem/inner-peace,high,redirect
/living-workshop/2019/10/21/whom-i-kidding,.com sitemap 2026-09-18,/blog,301,no candidate on brianspoems.com,low - needs review,redirect - generic
/living-workshop/2019/10/22/oh-grow-up,.com sitemap 2026-09-18,https://brianspoems.com/poem/oh-grow-up,301,poem text overlap 0.623 with /poem/oh-grow-up,high,redirect
/living-workshop/2019/10/23/what-am-i-doing,.com sitemap 2026-09-18,https://brianspoems.com/poem/what-am-i-doing,301,poem text overlap 1.0 with /poem/what-am-i-doing,high,redirect
/living-workshop/2019/10/24/memories,.com sitemap 2026-09-18,https://brianspoems.com/poem/memories-2,301,poem text overlap 0.933 with /poem/memories-2,high,redirect
/living-workshop/2019/10/25/adoption-day,.com sitemap 2026-09-18,https://brianspoems.com/poem/adoption-day,301,poem text overlap 1.0 with /poem/adoption-day,high,redirect
/living-workshop/2019/10/26/here-and-now,.com sitemap 2026-09-18,https://brianspoems.com/poem/here-and-now-2,301,poem text overlap 0.986 with /poem/here-and-now-2,high,redirect
/living-workshop/2019/10/27/fix-everything,.com sitemap 2026-09-18,https://brianspoems.com/poem/fix-everything,301,poem text overlap 0.876 with /poem/fix-everything,high,redirect
/living-workshop/2019/10/28/other-peoples-feelings,.com sitemap 2026-09-18,https://brianspoems.com/poem/other-people-s-feelings,301,poem text overlap 1.0 with /poem/other-people-s-feelings,high,redirect
/living-workshop/2019/10/29/as-water-goes,.com sitemap 2026-09-18,https://brianspoems.com/poem/as-water-goes,301,poem text overlap 0.837 with /poem/as-water-goes,high,redirect
/living-workshop/2019/10/30/divine-mystery,.com sitemap 2026-09-18,https://brianspoems.com/poem/divine-mystery,301,poem text overlap 1.0 with /poem/divine-mystery,high,redirect
/living-workshop/2019/10/31/go-ahead-cry,.com sitemap 2026-09-18,https://brianspoems.com/poem/go-ahead-cry,301,poem text overlap 0.977 with /poem/go-ahead-cry,high,redirect
/living-workshop/2019/11/1/here-all-along,.com sitemap 2026-09-18,https://brianspoems.com/poem/here-all-along,301,poem text overlap 0.811 with /poem/here-all-along,high,redirect
/living-workshop/2019/11/10/its-not-time,.com sitemap 2026-09-18,https://brianspoems.com/poem/it-s-not-time,301,poem text overlap 0.989 with /poem/it-s-not-time,high,redirect
/living-workshop/2019/11/11/call-to-your-soul,.com sitemap 2026-09-18,https://brianspoems.com/poem/call-to-your-soul,301,poem text overlap 1.0 with /poem/call-to-your-soul,high,redirect
/living-workshop/2019/11/12/second-spring,.com sitemap 2026-09-18,https://brianspoems.com/poem/second-spring,301,poem text overlap 1.0 with /poem/second-spring,high,redirect
/living-workshop/2019/11/13/fold-em,.com sitemap 2026-09-18,https://brianspoems.com/poem/fold-em,301,poem text overlap 1.0 with /poem/fold-em,high,redirect
/living-workshop/2019/11/14/a-slave-ship-named-jesus,.com sitemap 2026-09-18,/blog,301,no candidate on brianspoems.com,low - needs review,redirect - generic
/living-workshop/2019/11/15/musical-chairs,.com sitemap 2026-09-18,https://brianspoems.com/poem/musical-chairs,301,poem text overlap 0.825 with /poem/musical-chairs,high,redirect
/living-workshop/2019/11/16/always-remember,.com sitemap 2026-09-18,https://brianspoems.com/poem/always-remember,301,poem text overlap 1.0 with /poem/always-remember,high,redirect
/living-workshop/2019/11/17/conformity,.com sitemap 2026-09-18,https://brianspoems.com/poem/conformity,301,poem text overlap 0.99 with /poem/conformity,high,redirect
/living-workshop/2019/11/18/for-what-its-worth,.com sitemap 2026-09-18,https://brianspoems.com/poem/for-what-it-s-worth,301,poem text overlap 0.678 with /poem/for-what-it-s-worth,high,redirect
/living-workshop/2019/11/19/rock-in-my-shoe,.com sitemap 2026-09-18,https://brianspoems.com/poem/rock-in-my-shoe,301,poem text overlap 0.904 with /poem/rock-in-my-shoe,high,redirect
/living-workshop/2019/11/2/pull-the-plug,.com sitemap 2026-09-18,https://brianspoems.com/poem/pull-the-plug,301,poem text overlap 1.0 with /poem/pull-the-plug,high,redirect
/living-workshop/2019/11/20/little-me,.com sitemap 2026-09-18,https://brianspoems.com/poem/little-me,301,poem text overlap 0.987 with /poem/little-me,high,redirect
/living-workshop/2019/11/21/winter-weather,.com sitemap 2026-09-18,https://brianspoems.com/poem/winter-weather,301,poem text overlap 1.0 with /poem/winter-weather,high,redirect
/living-workshop/2019/11/22/the-fixers,.com sitemap 2026-09-18,https://brianspoems.com/poem/the-fixers,301,poem text overlap 0.963 with /poem/the-fixers,high,redirect
/living-workshop/2019/11/23/a-great-awakening,.com sitemap 2026-09-18,https://brianspoems.com/poem/a-great-awakening,301,poem text overlap 0.638 with /poem/a-great-awakening,high,redirect
/living-workshop/2019/11/24/sacred-reasons,.com sitemap 2026-09-18,https://brianspoems.com/poem/sacred-reasons,301,poem text overlap 0.989 with /poem/sacred-reasons,high,redirect
/living-workshop/2019/11/25/baked,.com sitemap 2026-09-18,https://brianspoems.com/poem/baked,301,poem text overlap 1.0 with /poem/baked,high,redirect
/living-workshop/2019/11/26/numb,.com sitemap 2026-09-18,https://brianspoems.com/poem/numb,301,poem text overlap 0.681 with /poem/numb,high,redirect
/living-workshop/2019/11/27/cults,.com sitemap 2026-09-18,https://brianspoems.com/poem/cults,301,poem text overlap 0.804 with /poem/cults,high,redirect
/living-workshop/2019/11/28/recklessness,.com sitemap 2026-09-18,https://brianspoems.com/poem/recklessness,301,poem text overlap 0.821 with /poem/recklessness,high,redirect
/living-workshop/2019/11/29/relax,.com sitemap 2026-09-18,https://brianspoems.com/poem/relax-2,301,poem text overlap 0.985 with /poem/relax-2,high,redirect
/living-workshop/2019/11/3/before-i-begin,.com sitemap 2026-09-18,https://brianspoems.com/poem/before-i-begin,301,poem text overlap 0.984 with /poem/before-i-begin,high,redirect
/living-workshop/2019/11/30/responsibility,.com sitemap 2026-09-18,https://brianspoems.com/poem/responsibility-2,301,poem text overlap 0.939 with /poem/responsibility-2,high,redirect
/living-workshop/2019/11/4/so-simple,.com sitemap 2026-09-18,https://brianspoems.com/poem/so-simple,301,poem text overlap 1.0 with /poem/so-simple,high,redirect
/living-workshop/2019/11/5/guy-fawkes,.com sitemap 2026-09-18,https://brianspoems.com/poem/guy-fawkes,301,poem text overlap 1.0 with /poem/guy-fawkes,high,redirect
/living-workshop/2019/11/6/source-to-mouth,.com sitemap 2026-09-18,https://brianspoems.com/poem/source-to-mouth,301,poem text overlap 1.0 with /poem/source-to-mouth,high,redirect
/living-workshop/2019/11/7/great-conversations,.com sitemap 2026-09-18,https://brianspoems.com/poem/great-conversations,301,poem text overlap 1.0 with /poem/great-conversations,high,redirect
/living-workshop/2019/11/8/overcome,.com sitemap 2026-09-18,https://brianspoems.com/poem/overcome,301,poem text overlap 1.0 with /poem/overcome,high,redirect
/living-workshop/2019/11/9/a-bigger-fight,.com sitemap 2026-09-18,https://brianspoems.com/poem/a-bigger-fight,301,poem text overlap 1.0 with /poem/a-bigger-fight,high,redirect
/living-workshop/2019/12/1/no-signal,.com sitemap 2026-09-18,https://brianspoems.com/poem/no-signal,301,poem text overlap 1.0 with /poem/no-signal,high,redirect
/living-workshop/2019/12/10/were-all-poets,.com sitemap 2026-09-18,https://brianspoems.com/poem/we-re-all-poets,301,poem text overlap 1.0 with /poem/we-re-all-poets,high,redirect
/living-workshop/2019/12/11/trusting-uncertainty,.com sitemap 2026-09-18,https://brianspoems.com/poem/trusting-uncertainty,301,poem text overlap 1.0 with /poem/trusting-uncertainty,high,redirect
/living-workshop/2019/12/12/lost-in-presidio,.com sitemap 2026-09-18,https://brianspoems.com/poem/lost-in-presidio,301,poem text overlap 1.0 with /poem/lost-in-presidio,high,redirect
/living-workshop/2019/12/13/listen-from-the-heart,.com sitemap 2026-09-18,https://brianspoems.com/poem/listen-from-the-heart,301,poem text overlap 1.0 with /poem/listen-from-the-heart,high,redirect
/living-workshop/2019/12/14/speak-from-the-heart,.com sitemap 2026-09-18,https://brianspoems.com/poem/speak-from-the-heart,301,poem text overlap 1.0 with /poem/speak-from-the-heart,high,redirect
/living-workshop/2019/12/15/be-spontaneous-and-authentic,.com sitemap 2026-09-18,https://brianspoems.com/poem/be-spontaneous-and-authentic,301,poem text overlap 0.974 with /poem/be-spontaneous-and-authentic,high,redirect
/living-workshop/2019/12/16/be-lean-of-expression,.com sitemap 2026-09-18,https://brianspoems.com/poem/be-lean-of-expression,301,poem text overlap 1.0 with /poem/be-lean-of-expression,high,redirect
/living-workshop/2019/12/17/tilt-tenderly,.com sitemap 2026-09-18,https://brianspoems.com/poem/tilt-tenderly,301,poem text overlap 0.8 with /poem/tilt-tenderly,high,redirect
/living-workshop/2019/12/18/rest-assured,.com sitemap 2026-09-18,https://brianspoems.com/poem/rest-assured,301,poem text overlap 1.0 with /poem/rest-assured,high,redirect
/living-workshop/2019/12/19/some-reason,.com sitemap 2026-09-18,https://brianspoems.com/poem/some-reason,301,poem text overlap 0.642 with /poem/some-reason,high,redirect
/living-workshop/2019/12/2/soul-talk,.com sitemap 2026-09-18,https://brianspoems.com/poem/soul-talk,301,poem text overlap 0.959 with /poem/soul-talk,high,redirect
/living-workshop/2019/12/20/remembering,.com sitemap 2026-09-18,https://brianspoems.com/poem/remembering,301,poem text overlap 0.989 with /poem/remembering,high,redirect
/living-workshop/2019/12/21/fire-and-ice,.com sitemap 2026-09-18,https://brianspoems.com/poem/fire-and-ice,301,poem text overlap 0.807 with /poem/fire-and-ice,high,redirect
/living-workshop/2019/12/22/drifting,.com sitemap 2026-09-18,https://brianspoems.com/poem/drifting,301,poem text overlap 0.758 with /poem/drifting,high,redirect
/living-workshop/2019/12/23/immortality,.com sitemap 2026-09-18,https://brianspoems.com/poem/immortality,301,poem text overlap 0.937 with /poem/immortality,high,redirect
/living-workshop/2019/12/24/born-again,.com sitemap 2026-09-18,https://brianspoems.com/poem/born-again,301,poem text overlap 0.786 with /poem/born-again,high,redirect
/living-workshop/2019/12/25/year-end,.com sitemap 2026-09-18,https://brianspoems.com/poem/year-end,301,poem text overlap 0.717 with /poem/year-end,high,redirect
/living-workshop/2019/12/26/a-blessing,.com sitemap 2026-09-18,https://brianspoems.com/poem/a-blessing,301,poem text overlap 1.0 with /poem/a-blessing,high,redirect
/living-workshop/2019/12/27/falling-water,.com sitemap 2026-09-18,https://brianspoems.com/poem/falling-water,301,poem text overlap 0.917 with /poem/falling-water,high,redirect
/living-workshop/2019/12/28/peace-now,.com sitemap 2026-09-18,https://brianspoems.com/poem/peace-now,301,poem text overlap 0.814 with /poem/peace-now,high,redirect
/living-workshop/2019/12/29/a-free-lunch,.com sitemap 2026-09-18,https://brianspoems.com/poem/a-free-lunch,301,poem text overlap 0.815 with /poem/a-free-lunch,high,redirect
/living-workshop/2019/12/3/tick-of-the-clock,.com sitemap 2026-09-18,https://brianspoems.com/poem/tick-of-the-clock,301,poem text overlap 1.0 with /poem/tick-of-the-clock,high,redirect
/living-workshop/2019/12/30/clearheaded,.com sitemap 2026-09-18,https://brianspoems.com/poem/clearheaded,301,poem text overlap 1.0 with /poem/clearheaded,high,redirect
/living-workshop/2019/12/31/getting-past-the-past,.com sitemap 2026-09-18,https://brianspoems.com/poem/getting-past-the-past,301,poem text overlap 0.815 with /poem/getting-past-the-past,high,redirect
/living-workshop/2019/12/4/the-appalachians,.com sitemap 2026-09-18,https://brianspoems.com/poem/the-appalachians,301,poem text overlap 0.974 with /poem/the-appalachians,high,redirect
/living-workshop/2019/12/5/maybe,.com sitemap 2026-09-18,https://brianspoems.com/poem/maybe,301,poem text overlap 1.0 with /poem/maybe,high,redirect
/living-workshop/2019/12/6/at-home,.com sitemap 2026-09-18,https://brianspoems.com/poem/at-home,301,poem text overlap 1.0 with /poem/at-home,high,redirect
/living-workshop/2019/12/7/a-day-off,.com sitemap 2026-09-18,https://brianspoems.com/poem/a-day-off-2,301,poem text overlap 0.833 with /poem/a-day-off-2,high,redirect
/living-workshop/2019/12/8/brian-shrugged,.com sitemap 2026-09-18,https://brianspoems.com/poem/brian-shrugged,301,poem text overlap 0.629 with /poem/brian-shrugged,high,redirect
/living-workshop/2019/12/9/one-in-the-same,.com sitemap 2026-09-18,/blog,301,no candidate on brianspoems.com,low - needs review,redirect - generic
/living-workshop/2019/2/1/awe,.com sitemap 2026-09-18,https://brianspoems.com/poem/awe,301,poem text overlap 0.738 with /poem/awe,high,redirect
/living-workshop/2019/2/10/one-atom-at-a-time,.com sitemap 2026-09-18,https://brianspoems.com/poem/one-atom-at-a-time,301,poem text overlap 0.977 with /poem/one-atom-at-a-time,high,redirect
/living-workshop/2019/2/11/a-book-called-being-alive,.com sitemap 2026-09-18,https://brianspoems.com/poem/a-book-called-being-alive,301,poem text overlap 0.65 with /poem/a-book-called-being-alive,high,redirect
/living-workshop/2019/2/12/poetic-justice,.com sitemap 2026-09-18,https://brianspoems.com/poem/poetic-justice,301,poem text overlap 0.627 with /poem/poetic-justice,high,redirect
/living-workshop/2019/2/13/primal-clarity,.com sitemap 2026-09-18,https://brianspoems.com/poem/primal-clarity,301,poem text overlap 0.703 with /poem/primal-clarity,high,redirect
/living-workshop/2019/2/14/canine-codependency,.com sitemap 2026-09-18,https://brianspoems.com/poem/canine-codependency,301,poem text overlap 1.0 with /poem/canine-codependency,high,redirect
/living-workshop/2019/2/15/alcohol,.com sitemap 2026-09-18,https://brianspoems.com/poem/alcohol,301,poem text overlap 1.0 with /poem/alcohol,high,redirect
/living-workshop/2019/2/16/visit-me,.com sitemap 2026-09-18,https://brianspoems.com/poem/visit-me,301,poem text overlap 0.977 with /poem/visit-me,high,redirect
/living-workshop/2019/2/17/obscured-beauty,.com sitemap 2026-09-18,https://brianspoems.com/poem/obscured-beauty,301,poem text overlap 0.848 with /poem/obscured-beauty,high,redirect
/living-workshop/2019/2/18/tension-of-opposites,.com sitemap 2026-09-18,https://brianspoems.com/poem/tension-of-opposites,301,poem text overlap 1.0 with /poem/tension-of-opposites,high,redirect
/living-workshop/2019/2/19/a-good-smoke,.com sitemap 2026-09-18,https://brianspoems.com/poem/a-good-smoke,301,poem text overlap 1.0 with /poem/a-good-smoke,high,redirect
/living-workshop/2019/2/2/memories,.com sitemap 2026-09-18,https://brianspoems.com/poem/memories,301,poem text overlap 0.875 with /poem/memories,high,redirect
/living-workshop/2019/2/20/beer,.com sitemap 2026-09-18,https://brianspoems.com/poem/beer,301,poem text overlap 1.0 with /poem/beer,high,redirect
/living-workshop/2019/2/21/open,.com sitemap 2026-09-18,https://brianspoems.com/poem/open,301,poem text overlap 1.0 with /poem/open,high,redirect
/living-workshop/2019/2/22/the-path,.com sitemap 2026-09-18,https://brianspoems.com/poem/the-path,301,poem text overlap 1.0 with /poem/the-path,high,redirect
/living-workshop/2019/2/23/winter-range,.com sitemap 2026-09-18,https://brianspoems.com/poem/winter-range,301,poem text overlap 0.822 with /poem/winter-range,high,redirect
/living-workshop/2019/2/24/better-man,.com sitemap 2026-09-18,https://brianspoems.com/poem/better-man,301,poem text overlap 0.872 with /poem/better-man,high,redirect
/living-workshop/2019/2/25/the-game,.com sitemap 2026-09-18,https://brianspoems.com/poem/the-game,301,poem text overlap 0.934 with /poem/the-game,high,redirect
/living-workshop/2019/2/26/visit-me,.com sitemap 2026-09-18,https://brianspoems.com/poem/visit-me,301,poem text overlap 0.955 with /poem/visit-me,high,redirect
/living-workshop/2019/2/27/halt,.com sitemap 2026-09-18,https://brianspoems.com/poem/h-a-l-t,301,poem text overlap 0.965 with /poem/h-a-l-t,high,redirect
/living-workshop/2019/2/28/open-mouth,.com sitemap 2026-09-18,https://brianspoems.com/poem/open-mouth,301,poem text overlap 1.0 with /poem/open-mouth,high,redirect
/living-workshop/2019/2/3/optimism,.com sitemap 2026-09-18,https://brianspoems.com/poem/optimism,301,poem text overlap 0.986 with /poem/optimism,high,redirect
/living-workshop/2019/2/4/back-to-forever,.com sitemap 2026-09-18,https://brianspoems.com/poem/back-to-forever,301,poem text overlap 0.851 with /poem/back-to-forever,high,redirect
/living-workshop/2019/2/5/through-pain,.com sitemap 2026-09-18,https://brianspoems.com/poem/through-pain,301,poem text overlap 0.959 with /poem/through-pain,high,redirect
/living-workshop/2019/2/6/conspiracies-abound,.com sitemap 2026-09-18,https://brianspoems.com/poem/conspiracies-abound,301,poem text overlap 1.0 with /poem/conspiracies-abound,high,redirect
/living-workshop/2019/2/7/kerplunk,.com sitemap 2026-09-18,https://brianspoems.com/poem/kerplunk,301,poem text overlap 0.949 with /poem/kerplunk,high,redirect
/living-workshop/2019/2/8/sharing,.com sitemap 2026-09-18,https://brianspoems.com/poem/sharing,301,poem text overlap 0.724 with /poem/sharing,high,redirect
/living-workshop/2019/2/9/soul-beneath,.com sitemap 2026-09-18,https://brianspoems.com/poem/soul-beneath,301,poem text overlap 1.0 with /poem/soul-beneath,high,redirect
/living-workshop/2019/3/1/march-arrives,.com sitemap 2026-09-18,https://brianspoems.com/poem/march-arrives,301,poem text overlap 1.0 with /poem/march-arrives,high,redirect
/living-workshop/2019/3/10/my-routine,.com sitemap 2026-09-18,https://brianspoems.com/poem/my-routine,301,poem text overlap 0.796 with /poem/my-routine,high,redirect
/living-workshop/2019/3/11/anywhere,.com sitemap 2026-09-18,https://brianspoems.com/poem/anywhere,301,poem text overlap 0.608 with /poem/anywhere,high,redirect
/living-workshop/2019/3/12/infinite-hope,.com sitemap 2026-09-18,https://brianspoems.com/poem/infinite-hope,301,poem text overlap 0.967 with /poem/infinite-hope,high,redirect
/living-workshop/2019/3/13/our-evolution,.com sitemap 2026-09-18,https://brianspoems.com/poem/our-evolution,301,poem text overlap 1.0 with /poem/our-evolution,high,redirect
/living-workshop/2019/3/14/maturing,.com sitemap 2026-09-18,https://brianspoems.com/poem/maturing,301,poem text overlap 1.0 with /poem/maturing,high,redirect
/living-workshop/2019/3/15/the-invitation,.com sitemap 2026-09-18,https://brianspoems.com/poem/the-invitation,301,poem text overlap 0.765 with /poem/the-invitation,high,redirect
/living-workshop/2019/3/16/youre-welcome,.com sitemap 2026-09-18,https://brianspoems.com/poem/you-re-welcome,301,poem text overlap 0.99 with /poem/you-re-welcome,high,redirect
/living-workshop/2019/3/17/satisfaction,.com sitemap 2026-09-18,https://brianspoems.com/poem/satisfaction,301,poem text overlap 0.89 with /poem/satisfaction,high,redirect
/living-workshop/2019/3/18/conversion,.com sitemap 2026-09-18,https://brianspoems.com/poem/conversion,301,poem text overlap 1.0 with /poem/conversion,high,redirect
/living-workshop/2019/3/19/songbirds,.com sitemap 2026-09-18,https://brianspoems.com/poem/songbirds,301,poem text overlap 0.986 with /poem/songbirds,high,redirect
/living-workshop/2019/3/2/a-simple-prayer,.com sitemap 2026-09-18,https://brianspoems.com/poem/a-simple-prayer,301,poem text overlap 0.969 with /poem/a-simple-prayer,high,redirect
/living-workshop/2019/3/20/whatever-it-is,.com sitemap 2026-09-18,https://brianspoems.com/poem/whatever-it-is,301,poem text overlap 0.985 with /poem/whatever-it-is,high,redirect
/living-workshop/2019/3/21/tripped,.com sitemap 2026-09-18,https://brianspoems.com/poem/tripped,301,poem text overlap 1.0 with /poem/tripped,high,redirect
/living-workshop/2019/3/22/behold,.com sitemap 2026-09-18,https://brianspoems.com/poem/behold,301,poem text overlap 0.946 with /poem/behold,high,redirect
/living-workshop/2019/3/23/suffering,.com sitemap 2026-09-18,https://brianspoems.com/poem/suffering,301,poem text overlap 1.0 with /poem/suffering,high,redirect
/living-workshop/2019/3/24/gives-way,.com sitemap 2026-09-18,https://brianspoems.com/poem/gives-way,301,poem text overlap 1.0 with /poem/gives-way,high,redirect
/living-workshop/2019/3/25/ambiguity,.com sitemap 2026-09-18,https://brianspoems.com/poem/ambiguity,301,poem text overlap 0.798 with /poem/ambiguity,high,redirect
/living-workshop/2019/3/3/my-humanity,.com sitemap 2026-09-18,https://brianspoems.com/poem/my-humanity,301,poem text overlap 1.0 with /poem/my-humanity,high,redirect
/living-workshop/2019/3/4/keepin-it-real,.com sitemap 2026-09-18,https://brianspoems.com/poem/keepin-it-real,301,poem text overlap 1.0 with /poem/keepin-it-real,high,redirect
/living-workshop/2019/3/5/go-home-early,.com sitemap 2026-09-18,https://brianspoems.com/poem/go-home-early,301,poem text overlap 1.0 with /poem/go-home-early,high,redirect
/living-workshop/2019/3/6/lets-weep,.com sitemap 2026-09-18,https://brianspoems.com/poem/let-s-weep,301,poem text overlap 1.0 with /poem/let-s-weep,high,redirect
/living-workshop/2019/3/7/compulsion,.com sitemap 2026-09-18,https://brianspoems.com/poem/compulsion,301,poem text overlap 1.0 with /poem/compulsion,high,redirect
/living-workshop/2019/3/8/tapestry,.com sitemap 2026-09-18,https://brianspoems.com/poem/tapestry,301,poem text overlap 1.0 with /poem/tapestry,high,redirect
/living-workshop/2019/3/9/pure-fury,.com sitemap 2026-09-18,https://brianspoems.com/poem/pure-fury,301,poem text overlap 0.775 with /poem/pure-fury,high,redirect
/living-workshop/2020/1/1/its-in-the-stillness,.com sitemap 2026-09-18,https://brianspoems.com/poem/it-s-in-the-stillness,301,poem text overlap 1.0 with /poem/it-s-in-the-stillness,high,redirect
/living-workshop/2020/1/10/along-a-river,.com sitemap 2026-09-18,https://brianspoems.com/poem/along-a-river,301,poem text overlap 0.955 with /poem/along-a-river,high,redirect
/living-workshop/2020/1/11/lets-move,.com sitemap 2026-09-18,https://brianspoems.com/poem/let-s-move,301,poem text overlap 0.64 with /poem/let-s-move,high,redirect
/living-workshop/2020/1/12/nighttime,.com sitemap 2026-09-18,https://brianspoems.com/poem/nighttime,301,poem text overlap 0.854 with /poem/nighttime,high,redirect
/living-workshop/2020/1/13/your-heartbeat,.com sitemap 2026-09-18,https://brianspoems.com/poem/your-heartbeat,301,poem text overlap 0.841 with /poem/your-heartbeat,high,redirect
/living-workshop/2020/1/14/here-with-me,.com sitemap 2026-09-18,https://brianspoems.com/poem/here-with-me,301,poem text overlap 1.0 with /poem/here-with-me,high,redirect
/living-workshop/2020/1/15/the-call-of-duty,.com sitemap 2026-09-18,https://brianspoems.com/poem/the-call-of-duty,301,poem text overlap 1.0 with /poem/the-call-of-duty,high,redirect
/living-workshop/2020/1/16/oh-my-heart,.com sitemap 2026-09-18,https://brianspoems.com/poem/oh-my-heart-2,301,poem text overlap 0.758 with /poem/oh-my-heart-2,high,redirect
/living-workshop/2020/1/17/growing-pains,.com sitemap 2026-09-18,https://brianspoems.com/poem/growing-pains,301,poem text overlap 0.644 with /poem/growing-pains,high,redirect
/living-workshop/2020/1/18/while-at-peace,.com sitemap 2026-09-18,https://brianspoems.com/poem/while-at-peace,301,poem text overlap 1.0 with /poem/while-at-peace,high,redirect
/living-workshop/2020/1/19/confessions,.com sitemap 2026-09-18,https://brianspoems.com/poem/confessions,301,poem text overlap 0.797 with /poem/confessions,high,redirect
/living-workshop/2020/1/2/essential-truth-1,.com sitemap 2026-09-18,https://brianspoems.com/poem/essential-truth-1,301,poem text overlap 0.867 with /poem/essential-truth-1,high,redirect
/living-workshop/2020/1/20/the-pathless-path,.com sitemap 2026-09-18,https://brianspoems.com/poem/the-pathless-path,301,poem text overlap 0.795 with /poem/the-pathless-path,high,redirect
/living-workshop/2020/1/21/the-right-questions,.com sitemap 2026-09-18,https://brianspoems.com/poem/the-right-questions,301,poem text overlap 0.723 with /poem/the-right-questions,high,redirect
/living-workshop/2020/1/22/in-exile,.com sitemap 2026-09-18,https://brianspoems.com/poem/in-exile,301,poem text overlap 0.911 with /poem/in-exile,high,redirect
/living-workshop/2020/1/23/after-the-curtain,.com sitemap 2026-09-18,https://brianspoems.com/poem/after-the-curtain,301,poem text overlap 1.0 with /poem/after-the-curtain,high,redirect
/living-workshop/2020/1/24/its-alright,.com sitemap 2026-09-18,/blog,301,no candidate on brianspoems.com,low - needs review,redirect - generic
/living-workshop/2020/1/25/the-heart-of-the-matter,.com sitemap 2026-09-18,https://brianspoems.com/poem/the-heart-of-the-matter,301,poem text overlap 0.976 with /poem/the-heart-of-the-matter,high,redirect
/living-workshop/2020/1/26/right-now,.com sitemap 2026-09-18,https://brianspoems.com/poem/right-now-2,301,poem text overlap 0.63 with /poem/right-now-2,high,redirect
/living-workshop/2020/1/27/the-market-mindset,.com sitemap 2026-09-18,/blog,301,best candidate /poem/the-market-mindset scored 0.42,low - needs review,redirect - generic
/living-workshop/2020/1/28/the-first-line,.com sitemap 2026-09-18,https://brianspoems.com/poem/the-first-line,301,poem text overlap 0.96 with /poem/the-first-line,high,redirect
/living-workshop/2020/1/29/serenity-salesmen,.com sitemap 2026-09-18,https://brianspoems.com/poem/serenity-salesmen,301,poem text overlap 0.821 with /poem/serenity-salesmen,high,redirect
/living-workshop/2020/1/3/essential-truth-2,.com sitemap 2026-09-18,https://brianspoems.com/poem/essential-truth-2,301,poem text overlap 0.758 with /poem/essential-truth-2,high,redirect
/living-workshop/2020/1/30/dont-make-it-worse,.com sitemap 2026-09-18,https://brianspoems.com/poem/don-t-make-it-worse,301,poem text overlap 0.822 with /poem/don-t-make-it-worse,high,redirect
/living-workshop/2020/1/31/donny-football,.com sitemap 2026-09-18,https://brianspoems.com/poem/donny-football,301,poem text overlap 0.572 with /poem/donny-football,high,redirect
/living-workshop/2020/1/4/essential-truth-3,.com sitemap 2026-09-18,https://brianspoems.com/poem/essential-truth-3,301,poem text overlap 0.54 with /poem/essential-truth-3,high,redirect
/living-workshop/2020/1/5/essential-truth-4,.com sitemap 2026-09-18,https://brianspoems.com/poem/essential-truth-4,301,poem text overlap 0.684 with /poem/essential-truth-4,high,redirect
/living-workshop/2020/1/6/essential-truth-5,.com sitemap 2026-09-18,https://brianspoems.com/poem/essential-truth-5,301,poem text overlap 0.949 with /poem/essential-truth-5,high,redirect
/living-workshop/2020/1/7/keeping-awake,.com sitemap 2026-09-18,https://brianspoems.com/poem/keeping-awake,301,poem text overlap 0.727 with /poem/keeping-awake,high,redirect
/living-workshop/2020/1/8/tuning,.com sitemap 2026-09-18,https://brianspoems.com/poem/tuning,301,poem text overlap 1.0 with /poem/tuning,high,redirect
/living-workshop/2020/1/9/a-call-to-relax,.com sitemap 2026-09-18,https://brianspoems.com/poem/a-call-to-relax,301,poem text overlap 0.979 with /poem/a-call-to-relax,high,redirect
/living-workshop/2020/11/25/So Goes the Night,.com sitemap 2026-09-18,/blog,301,no candidate on brianspoems.com,low - needs review,redirect - generic
/living-workshop/2020/12/11/think-bigger,.com sitemap 2026-09-18,/blog,301,no candidate on brianspoems.com,low - needs review,redirect - generic
/living-workshop/2020/12/14/a-real-human-being,.com sitemap 2026-09-18,/blog,301,no candidate on brianspoems.com,low - needs review,redirect - generic
/living-workshop/2020/12/19/thinking,.com sitemap 2026-09-18,/blog,301,no candidate on brianspoems.com,low - needs review,redirect - generic
/living-workshop/2020/12/25/moving-day,.com sitemap 2026-09-18,/blog,301,no candidate on brianspoems.com,low - needs review,redirect - generic
/living-workshop/2020/12/5/ordinary-people,.com sitemap 2026-09-18,/blog,301,no candidate on brianspoems.com,low - needs review,redirect - generic
/living-workshop/2020/2/1/the-invitation,.com sitemap 2026-09-18,https://brianspoems.com/poem/the-invitation-3,301,poem text overlap 0.597 with /poem/the-invitation-3,high,redirect
/living-workshop/2020/2/10/revisiting-the-flow,.com sitemap 2026-09-18,https://brianspoems.com/poem/revisiting-the-flow,301,poem text overlap 1.0 with /poem/revisiting-the-flow,high,redirect
/living-workshop/2020/2/11/how-silly,.com sitemap 2026-09-18,https://brianspoems.com/poem/how-silly,301,poem text overlap 1.0 with /poem/how-silly,high,redirect
/living-workshop/2020/2/12/bit-o-gold,.com sitemap 2026-09-18,https://brianspoems.com/poem/bit-o-gold,301,poem text overlap 0.935 with /poem/bit-o-gold,high,redirect
/living-workshop/2020/2/13/sing-along,.com sitemap 2026-09-18,https://brianspoems.com/poem/sing-along,301,poem text overlap 0.985 with /poem/sing-along,high,redirect
/living-workshop/2020/2/14/be-patient,.com sitemap 2026-09-18,https://brianspoems.com/poem/be-patient,301,poem text overlap 0.876 with /poem/be-patient,high,redirect
/living-workshop/2020/2/15/how-to-forget,.com sitemap 2026-09-18,https://brianspoems.com/poem/how-to-forget,301,poem text overlap 1.0 with /poem/how-to-forget,high,redirect
/living-workshop/2020/2/16/the-silent-songs,.com sitemap 2026-09-18,https://brianspoems.com/poem/the-silent-songs,301,poem text overlap 1.0 with /poem/the-silent-songs,high,redirect
/living-workshop/2020/2/17/calendar-app,.com sitemap 2026-09-18,https://brianspoems.com/poem/calendar-app,301,poem text overlap 0.904 with /poem/calendar-app,high,redirect
/living-workshop/2020/2/18/its-in-the-middles,.com sitemap 2026-09-18,https://brianspoems.com/poem/it-s-in-the-middles,301,poem text overlap 1.0 with /poem/it-s-in-the-middles,high,redirect
/living-workshop/2020/2/19/reclamation,.com sitemap 2026-09-18,https://brianspoems.com/poem/reclamation,301,poem text overlap 0.808 with /poem/reclamation,high,redirect
/living-workshop/2020/2/2/the-only-way-to-get-there,.com sitemap 2026-09-18,https://brianspoems.com/poem/the-only-way-to-get-there,301,poem text overlap 0.813 with /poem/the-only-way-to-get-there,high,redirect
/living-workshop/2020/2/20/life-demands,.com sitemap 2026-09-18,https://brianspoems.com/poem/life-demands,301,poem text overlap 0.776 with /poem/life-demands,high,redirect
/living-workshop/2020/2/21/forever,.com sitemap 2026-09-18,https://brianspoems.com/poem/forever,301,poem text overlap 0.987 with /poem/forever,high,redirect
/living-workshop/2020/2/22/new-meaning,.com sitemap 2026-09-18,https://brianspoems.com/poem/new-meaning,301,poem text overlap 0.905 with /poem/new-meaning,high,redirect
/living-workshop/2020/2/23/bleeding,.com sitemap 2026-09-18,https://brianspoems.com/poem/bleeding,301,poem text overlap 1.0 with /poem/bleeding,high,redirect
/living-workshop/2020/2/24/accept-the-call,.com sitemap 2026-09-18,https://brianspoems.com/poem/accept-the-call,301,poem text overlap 0.514 with /poem/accept-the-call,high,redirect
/living-workshop/2020/2/25/all-goes-away,.com sitemap 2026-09-18,https://brianspoems.com/poem/all-goes-away,301,poem text overlap 0.946 with /poem/all-goes-away,high,redirect
/living-workshop/2020/2/26/in-the-dirt,.com sitemap 2026-09-18,https://brianspoems.com/poem/in-the-dirt,301,poem text overlap 0.959 with /poem/in-the-dirt,high,redirect
/living-workshop/2020/2/27/now-i-know,.com sitemap 2026-09-18,https://brianspoems.com/poem/now-i-know,301,poem text overlap 1.0 with /poem/now-i-know,high,redirect
/living-workshop/2020/2/28/river-wisdom,.com sitemap 2026-09-18,https://brianspoems.com/poem/river-wisdom,301,poem text overlap 1.0 with /poem/river-wisdom,high,redirect
/living-workshop/2020/2/29/river-return,.com sitemap 2026-09-18,https://brianspoems.com/poem/river-return,301,poem text overlap 0.94 with /poem/river-return,high,redirect
/living-workshop/2020/2/3/with-arms-wide,.com sitemap 2026-09-18,https://brianspoems.com/poem/with-arms-wide,301,poem text overlap 0.975 with /poem/with-arms-wide,high,redirect
/living-workshop/2020/2/4/within-himself,.com sitemap 2026-09-18,https://brianspoems.com/poem/within-himself,301,poem text overlap 0.786 with /poem/within-himself,high,redirect
/living-workshop/2020/2/5/understanding-avenue,.com sitemap 2026-09-18,https://brianspoems.com/poem/understanding-avenue,301,poem text overlap 0.987 with /poem/understanding-avenue,high,redirect
/living-workshop/2020/2/6/go-deep,.com sitemap 2026-09-18,https://brianspoems.com/poem/go-deep,301,poem text overlap 1.0 with /poem/go-deep,high,redirect
/living-workshop/2020/2/7/a-healing-light,.com sitemap 2026-09-18,https://brianspoems.com/poem/a-healing-light,301,poem text overlap 1.0 with /poem/a-healing-light,high,redirect
/living-workshop/2020/2/8/a-place-to-always,.com sitemap 2026-09-18,https://brianspoems.com/poem/a-place-to-always,301,poem text overlap 0.789 with /poem/a-place-to-always,high,redirect
/living-workshop/2020/2/9/before-bed,.com sitemap 2026-09-18,https://brianspoems.com/poem/before-bed,301,poem text overlap 0.94 with /poem/before-bed,high,redirect
/living-workshop/2020/3/1/quantum-mechanics,.com sitemap 2026-09-18,https://brianspoems.com/poem/quantum-mechanics,301,poem text overlap 1.0 with /poem/quantum-mechanics,high,redirect
/living-workshop/2020/3/10/wise-counsel,.com sitemap 2026-09-18,https://brianspoems.com/poem/wise-counsel,301,poem text overlap 0.761 with /poem/wise-counsel,high,redirect
/living-workshop/2020/3/11/truth,.com sitemap 2026-09-18,https://brianspoems.com/poem/truth-3,301,poem text overlap 0.942 with /poem/truth-3,high,redirect
/living-workshop/2020/3/12/my-screens,.com sitemap 2026-09-18,https://brianspoems.com/poem/my-screens,301,poem text overlap 0.965 with /poem/my-screens,high,redirect
/living-workshop/2020/3/13/how-i-love,.com sitemap 2026-09-18,https://brianspoems.com/poem/how-i-love,301,poem text overlap 1.0 with /poem/how-i-love,high,redirect
/living-workshop/2020/3/14/slow-dancing,.com sitemap 2026-09-18,https://brianspoems.com/poem/slow-dancing,301,poem text overlap 0.627 with /poem/slow-dancing,high,redirect
/living-workshop/2020/3/15/life-is-fine,.com sitemap 2026-09-18,https://brianspoems.com/poem/life-is-fine,301,poem text overlap 0.836 with /poem/life-is-fine,high,redirect
/living-workshop/2020/3/16/do-something,.com sitemap 2026-09-18,https://brianspoems.com/poem/do-something,301,poem text overlap 0.976 with /poem/do-something,high,redirect
/living-workshop/2020/3/17/go-out-and-play,.com sitemap 2026-09-18,https://brianspoems.com/poem/go-out-and-play,301,poem text overlap 0.948 with /poem/go-out-and-play,high,redirect
/living-workshop/2020/3/18/tiny-arrows,.com sitemap 2026-09-18,https://brianspoems.com/poem/tiny-arrows,301,poem text overlap 1.0 with /poem/tiny-arrows,high,redirect
/living-workshop/2020/3/19/the-blue-pill,.com sitemap 2026-09-18,https://brianspoems.com/poem/the-blue-pill,301,poem text overlap 0.75 with /poem/the-blue-pill,high,redirect
/living-workshop/2020/3/2/a-time-to-rest,.com sitemap 2026-09-18,https://brianspoems.com/poem/a-time-to-rest,301,poem text overlap 1.0 with /poem/a-time-to-rest,high,redirect
/living-workshop/2020/3/20/my-own-worst-enemy,.com sitemap 2026-09-18,https://brianspoems.com/poem/my-own-worst-enemy,301,poem text overlap 0.752 with /poem/my-own-worst-enemy,high,redirect
/living-workshop/2020/3/21/circles,.com sitemap 2026-09-18,https://brianspoems.com/poem/circles,301,poem text overlap 0.871 with /poem/circles,high,redirect
/living-workshop/2020/3/22/tenderness,.com sitemap 2026-09-18,https://brianspoems.com/poem/tenderness,301,poem text overlap 0.94 with /poem/tenderness,high,redirect
/living-workshop/2020/3/23/dont-buy-more-clothes,.com sitemap 2026-09-18,https://brianspoems.com/poem/don-t-buy-more-clothes,301,poem text overlap 1.0 with /poem/don-t-buy-more-clothes,high,redirect
/living-workshop/2020/3/24/becoming-speechless,.com sitemap 2026-09-18,https://brianspoems.com/poem/becoming-speechless,301,poem text overlap 0.736 with /poem/becoming-speechless,high,redirect
/living-workshop/2020/3/25/his-mother,.com sitemap 2026-09-18,https://brianspoems.com/poem/his-mother,301,poem text overlap 0.788 with /poem/his-mother,high,redirect
/living-workshop/2020/3/26/prickly-people,.com sitemap 2026-09-18,https://brianspoems.com/poem/prickly-people,301,poem text overlap 0.588 with /poem/prickly-people,high,redirect
/living-workshop/2020/3/27/onions,.com sitemap 2026-09-18,https://brianspoems.com/poem/onions,301,poem text overlap 0.975 with /poem/onions,high,redirect
/living-workshop/2020/3/28/giving-myself,.com sitemap 2026-09-18,https://brianspoems.com/poem/giving-myself,301,poem text overlap 0.958 with /poem/giving-myself,high,redirect
/living-workshop/2020/3/29/acquiescence,.com sitemap 2026-09-18,https://brianspoems.com/poem/acquiescence,301,poem text overlap 1.0 with /poem/acquiescence,high,redirect
/living-workshop/2020/3/3/the-walls,.com sitemap 2026-09-18,https://brianspoems.com/poem/the-walls,301,poem text overlap 1.0 with /poem/the-walls,high,redirect
/living-workshop/2020/3/30/immigrant-song,.com sitemap 2026-09-18,https://brianspoems.com/poem/immigrant-song,301,poem text overlap 1.0 with /poem/immigrant-song,high,redirect
/living-workshop/2020/3/31/time-is-relative,.com sitemap 2026-09-18,https://brianspoems.com/poem/time-is-relative,301,poem text overlap 1.0 with /poem/time-is-relative,high,redirect
/living-workshop/2020/3/4/theres-still-time,.com sitemap 2026-09-18,https://brianspoems.com/poem/there-s-still-time,301,poem text overlap 0.969 with /poem/there-s-still-time,high,redirect
/living-workshop/2020/3/5/i-am-overcome,.com sitemap 2026-09-18,https://brianspoems.com/poem/i-am-overcome,301,poem text overlap 0.937 with /poem/i-am-overcome,high,redirect
/living-workshop/2020/3/6/the-veil-lifted,.com sitemap 2026-09-18,https://brianspoems.com/poem/the-veil-lifted,301,poem text overlap 0.971 with /poem/the-veil-lifted,high,redirect
/living-workshop/2020/3/7/imperfect-love,.com sitemap 2026-09-18,/blog,301,no candidate on brianspoems.com,low - needs review,redirect - generic
/living-workshop/2020/3/8/growing-space,.com sitemap 2026-09-18,https://brianspoems.com/poem/growing-space,301,poem text overlap 1.0 with /poem/growing-space,high,redirect
/living-workshop/2020/3/9/my-plans,.com sitemap 2026-09-18,https://brianspoems.com/poem/my-plans,301,poem text overlap 0.951 with /poem/my-plans,high,redirect
/living-workshop/2020/4/01/just-let-it-happen,.com sitemap 2026-09-18,https://brianspoems.com/poem/just-let-it-happen,301,poem text overlap 0.988 with /poem/just-let-it-happen,high,redirect
/living-workshop/2020/4/02/a-seed,.com sitemap 2026-09-18,https://brianspoems.com/poem/a-seed,301,poem text overlap 1.0 with /poem/a-seed,high,redirect
/living-workshop/2020/4/03/a-good-seat,.com sitemap 2026-09-18,https://brianspoems.com/poem/a-good-seat,301,poem text overlap 0.969 with /poem/a-good-seat,high,redirect
/living-workshop/2020/4/04/start-listening,.com sitemap 2026-09-18,https://brianspoems.com/poem/start-listening,301,poem text overlap 0.907 with /poem/start-listening,high,redirect
/living-workshop/2020/4/05/inundated,.com sitemap 2026-09-18,https://brianspoems.com/poem/inundated,301,poem text overlap 0.631 with /poem/inundated,high,redirect
/living-workshop/2020/4/06/pray-constantly,.com sitemap 2026-09-18,https://brianspoems.com/poem/pray-constantly,301,poem text overlap 1.0 with /poem/pray-constantly,high,redirect
/living-workshop/2020/4/07/right-here-right-now,.com sitemap 2026-09-18,https://brianspoems.com/poem/right-here-right-now,301,poem text overlap 1.0 with /poem/right-here-right-now,high,redirect
/living-workshop/2020/4/08/ice-age-truth,.com sitemap 2026-09-18,https://brianspoems.com/poem/ice-age-truth,301,poem text overlap 0.978 with /poem/ice-age-truth,high,redirect
/living-workshop/2020/4/09/lighten-your-load,.com sitemap 2026-09-18,https://brianspoems.com/poem/lighten-your-load,301,poem text overlap 0.672 with /poem/lighten-your-load,high,redirect
/living-workshop/2020/4/10/once-you-see,.com sitemap 2026-09-18,https://brianspoems.com/poem/once-you-see,301,poem text overlap 1.0 with /poem/once-you-see,high,redirect
/living-workshop/2020/4/11/lightness-of-being,.com sitemap 2026-09-18,https://brianspoems.com/poem/lightness-of-being,301,poem text overlap 0.624 with /poem/lightness-of-being,high,redirect
/living-workshop/2020/4/12/exposed,.com sitemap 2026-09-18,https://brianspoems.com/poem/exposed,301,poem text overlap 0.926 with /poem/exposed,high,redirect
/living-workshop/2020/4/13/last-night,.com sitemap 2026-09-18,https://brianspoems.com/poem/last-night,301,poem text overlap 1.0 with /poem/last-night,high,redirect
/living-workshop/2020/4/14/approach-god,.com sitemap 2026-09-18,https://brianspoems.com/poem/approach-god,301,poem text overlap 1.0 with /poem/approach-god,high,redirect
/living-workshop/2020/4/15/its-so-easy,.com sitemap 2026-09-18,https://brianspoems.com/poem/it-s-so-easy,301,poem text overlap 0.87 with /poem/it-s-so-easy,high,redirect
/living-workshop/2020/4/16/belly-fat,.com sitemap 2026-09-18,https://brianspoems.com/poem/belly-fat,301,poem text overlap 0.914 with /poem/belly-fat,high,redirect
/living-workshop/2020/4/17/you-wont-be-president,.com sitemap 2026-09-18,https://brianspoems.com/poem/you-won-t-be-president,301,poem text overlap 0.824 with /poem/you-won-t-be-president,high,redirect
/living-workshop/2020/4/18/us,.com sitemap 2026-09-18,https://brianspoems.com/poem/us,301,poem text overlap 1.0 with /poem/us,high,redirect
/living-workshop/2020/4/19/here-and-everywhere,.com sitemap 2026-09-18,https://brianspoems.com/poem/here-and-everywhere,301,poem text overlap 0.922 with /poem/here-and-everywhere,high,redirect
/living-workshop/2020/4/20/an-artists-prayer,.com sitemap 2026-09-18,https://brianspoems.com/poem/an-artist-s-prayer,301,poem text overlap 0.988 with /poem/an-artist-s-prayer,high,redirect
/living-workshop/2020/4/21/dark-was-the-night,.com sitemap 2026-09-18,https://brianspoems.com/poem/dark-was-the-night,301,poem text overlap 0.953 with /poem/dark-was-the-night,high,redirect
/living-workshop/2020/4/22/the-infinitude,.com sitemap 2026-09-18,https://brianspoems.com/poem/the-infinitude,301,poem text overlap 1.0 with /poem/the-infinitude,high,redirect
/living-workshop/2020/4/23/the-path-of-descent,.com sitemap 2026-09-18,https://brianspoems.com/poem/the-path-of-descent,301,poem text overlap 0.679 with /poem/the-path-of-descent,high,redirect
/living-workshop/2020/4/24/jubilee,.com sitemap 2026-09-18,https://brianspoems.com/poem/jubilee,301,poem text overlap 0.677 with /poem/jubilee,high,redirect
/living-workshop/2020/4/25/learning-to-fly,.com sitemap 2026-09-18,https://brianspoems.com/poem/learning-to-fly,301,poem text overlap 1.0 with /poem/learning-to-fly,high,redirect
/living-workshop/2020/4/26/the-virus,.com sitemap 2026-09-18,https://brianspoems.com/poem/the-virus,301,poem text overlap 0.989 with /poem/the-virus,high,redirect
/living-workshop/2020/4/27/feel-the-weight,.com sitemap 2026-09-18,https://brianspoems.com/poem/feel-the-weight,301,poem text overlap 1.0 with /poem/feel-the-weight,high,redirect
/living-workshop/2020/4/28/keep-your-pennies,.com sitemap 2026-09-18,https://brianspoems.com/poem/keep-your-pennies,301,poem text overlap 0.854 with /poem/keep-your-pennies,high,redirect
/living-workshop/2020/4/29/emptiness,.com sitemap 2026-09-18,https://brianspoems.com/poem/emptiness,301,poem text overlap 1.0 with /poem/emptiness,high,redirect
/living-workshop/2020/4/30/should-i-be-worried,.com sitemap 2026-09-18,https://brianspoems.com/poem/should-i-be-worried,301,poem text overlap 1.0 with /poem/should-i-be-worried,high,redirect
/living-workshop/2020/5/1/we-cant-go-back,.com sitemap 2026-09-18,https://brianspoems.com/poem/we-can-t-go-back,301,poem text overlap 0.827 with /poem/we-can-t-go-back,high,redirect
/living-workshop/2020/5/10/off-center,.com sitemap 2026-09-18,https://brianspoems.com/poem/off-center,301,poem text overlap 1.0 with /poem/off-center,high,redirect
/living-workshop/2020/5/11/divine-riddles,.com sitemap 2026-09-18,https://brianspoems.com/poem/divine-riddles,301,poem text overlap 0.846 with /poem/divine-riddles,high,redirect
/living-workshop/2020/5/12/what-else,.com sitemap 2026-09-18,https://brianspoems.com/poem/what-else,301,poem text overlap 0.978 with /poem/what-else,high,redirect
/living-workshop/2020/5/13/to-ash-to-dust,.com sitemap 2026-09-18,https://brianspoems.com/poem/to-ash-to-dust,301,poem text overlap 0.647 with /poem/to-ash-to-dust,high,redirect
/living-workshop/2020/5/14/the-more-i-learn,.com sitemap 2026-09-18,https://brianspoems.com/poem/the-more-i-learn,301,poem text overlap 1.0 with /poem/the-more-i-learn,high,redirect
/living-workshop/2020/5/15/as-i-understand,.com sitemap 2026-09-18,https://brianspoems.com/poem/as-i-understand,301,poem text overlap 0.986 with /poem/as-i-understand,high,redirect
/living-workshop/2020/5/16/until-now,.com sitemap 2026-09-18,https://brianspoems.com/poem/until-now,301,poem text overlap 0.773 with /poem/until-now,high,redirect
/living-workshop/2020/5/17/moon-hanging,.com sitemap 2026-09-18,https://brianspoems.com/poem/moon-hanging,301,poem text overlap 0.941 with /poem/moon-hanging,high,redirect
/living-workshop/2020/5/18/money-confusion,.com sitemap 2026-09-18,https://brianspoems.com/poem/money-confusion,301,poem text overlap 1.0 with /poem/money-confusion,high,redirect
/living-workshop/2020/5/19/zombies,.com sitemap 2026-09-18,https://brianspoems.com/poem/zombies,301,poem text overlap 0.789 with /poem/zombies,high,redirect
/living-workshop/2020/5/2/would-you-change,.com sitemap 2026-09-18,/blog,301,best candidate /poem/would-you-change scored 0.474,low - needs review,redirect - generic
/living-workshop/2020/5/20/headlong,.com sitemap 2026-09-18,https://brianspoems.com/poem/headlong,301,poem text overlap 0.978 with /poem/headlong,high,redirect
/living-workshop/2020/5/21/firmly-grounded,.com sitemap 2026-09-18,https://brianspoems.com/poem/firmly-grounded,301,poem text overlap 1.0 with /poem/firmly-grounded,high,redirect
/living-workshop/2020/5/22/we-only-see,.com sitemap 2026-09-18,https://brianspoems.com/poem/we-only-see,301,poem text overlap 0.648 with /poem/we-only-see,high,redirect
/living-workshop/2020/5/23/bedeviled,.com sitemap 2026-09-18,https://brianspoems.com/poem/bedeviled,301,poem text overlap 0.97 with /poem/bedeviled,high,redirect
/living-workshop/2020/5/24/one-life,.com sitemap 2026-09-18,https://brianspoems.com/poem/one-life,301,poem text overlap 0.782 with /poem/one-life,high,redirect
/living-workshop/2020/5/25/were-all-in-this,.com sitemap 2026-09-18,/blog,301,no candidate on brianspoems.com,low - needs review,redirect - generic
/living-workshop/2020/5/26/the-eternal-journey,.com sitemap 2026-09-18,https://brianspoems.com/poem/the-eternal-journey,301,poem text overlap 1.0 with /poem/the-eternal-journey,high,redirect
/living-workshop/2020/5/27/politics,.com sitemap 2026-09-18,https://brianspoems.com/poem/politics,301,poem text overlap 0.854 with /poem/politics,high,redirect
/living-workshop/2020/5/28/our-cells,.com sitemap 2026-09-18,https://brianspoems.com/poem/our-cells,301,poem text overlap 1.0 with /poem/our-cells,high,redirect
/living-workshop/2020/5/29/try-not-to-forget,.com sitemap 2026-09-18,https://brianspoems.com/poem/try-not-to-forget,301,poem text overlap 0.955 with /poem/try-not-to-forget,high,redirect
/living-workshop/2020/5/3/imperfection,.com sitemap 2026-09-18,https://brianspoems.com/poem/imperfection,301,poem text overlap 0.808 with /poem/imperfection,high,redirect
/living-workshop/2020/5/30/i-had-to-divorce,.com sitemap 2026-09-18,https://brianspoems.com/poem/i-had-to-divorce,301,poem text overlap 0.73 with /poem/i-had-to-divorce,high,redirect
/living-workshop/2020/5/31/my-soul-lifts,.com sitemap 2026-09-18,https://brianspoems.com/poem/my-soul-lifts,301,poem text overlap 0.851 with /poem/my-soul-lifts,high,redirect
/living-workshop/2020/5/4/bullshit-jobs,.com sitemap 2026-09-18,https://brianspoems.com/poem/bullshit-jobs,301,poem text overlap 0.506 with /poem/bullshit-jobs,high,redirect
/living-workshop/2020/5/5/my-fast,.com sitemap 2026-09-18,https://brianspoems.com/poem/my-fast,301,poem text overlap 0.832 with /poem/my-fast,high,redirect
/living-workshop/2020/5/6/only-my-soul-the-way-is-love,.com sitemap 2026-09-18,https://brianspoems.com/poem/only-my-soul-the-way-is-love,301,poem text overlap 0.878 with /poem/only-my-soul-the-way-is-love,high,redirect
/living-workshop/2020/5/7/when-all-this-is-over,.com sitemap 2026-09-18,https://brianspoems.com/poem/when-all-this-is-over,301,poem text overlap 0.908 with /poem/when-all-this-is-over,high,redirect
/living-workshop/2020/5/8/bellyache,.com sitemap 2026-09-18,https://brianspoems.com/poem/bellyache,301,poem text overlap 0.952 with /poem/bellyache,high,redirect
/living-workshop/2020/5/9/joker,.com sitemap 2026-09-18,https://brianspoems.com/poem/joker,301,poem text overlap 0.903 with /poem/joker,high,redirect
/living-workshop/2020/6/1/around-the-bend,.com sitemap 2026-09-18,https://brianspoems.com/poem/around-the-bend,301,poem text overlap 1.0 with /poem/around-the-bend,high,redirect
/living-workshop/2020/6/10/what-id-say,.com sitemap 2026-09-18,https://brianspoems.com/poem/what-i-d-say,301,poem text overlap 0.87 with /poem/what-i-d-say,high,redirect
/living-workshop/2020/6/11/i-need-you,.com sitemap 2026-09-18,https://brianspoems.com/poem/i-need-you,301,poem text overlap 0.979 with /poem/i-need-you,high,redirect
/living-workshop/2020/6/12/empty-cupboards,.com sitemap 2026-09-18,https://brianspoems.com/poem/empty-cupboards,301,poem text overlap 0.942 with /poem/empty-cupboards,high,redirect
/living-workshop/2020/6/13/with-no-wind,.com sitemap 2026-09-18,https://brianspoems.com/poem/with-no-wind,301,poem text overlap 1.0 with /poem/with-no-wind,high,redirect
/living-workshop/2020/6/14/compassion,.com sitemap 2026-09-18,https://brianspoems.com/poem/compassion,301,poem text overlap 0.939 with /poem/compassion,high,redirect
/living-workshop/2020/6/15/testify,.com sitemap 2026-09-18,https://brianspoems.com/poem/testify,301,poem text overlap 1.0 with /poem/testify,high,redirect
/living-workshop/2020/6/16/wrong-or-right,.com sitemap 2026-09-18,https://brianspoems.com/poem/wrong-or-right,301,poem text overlap 0.744 with /poem/wrong-or-right,high,redirect
/living-workshop/2020/6/17/a-little-suffering,.com sitemap 2026-09-18,https://brianspoems.com/poem/a-little-suffering,301,poem text overlap 0.929 with /poem/a-little-suffering,high,redirect
/living-workshop/2020/6/18/a-love-letter,.com sitemap 2026-09-18,https://brianspoems.com/poem/a-love-letter,301,poem text overlap 0.824 with /poem/a-love-letter,high,redirect
/living-workshop/2020/6/19/save-me,.com sitemap 2026-09-18,https://brianspoems.com/poem/save-me,301,poem text overlap 0.892 with /poem/save-me,high,redirect
/living-workshop/2020/6/2/newtons-cradle,.com sitemap 2026-09-18,https://brianspoems.com/poem/newton-s-cradle,301,poem text overlap 0.976 with /poem/newton-s-cradle,high,redirect
/living-workshop/2020/6/20/doing-less,.com sitemap 2026-09-18,https://brianspoems.com/poem/doing-less,301,poem text overlap 0.648 with /poem/doing-less,high,redirect
/living-workshop/2020/6/21/your-anger,.com sitemap 2026-09-18,https://brianspoems.com/poem/your-anger,301,poem text overlap 0.785 with /poem/your-anger,high,redirect
/living-workshop/2020/6/22/tempting-fate,.com sitemap 2026-09-18,https://brianspoems.com/poem/tempting-fate,301,poem text overlap 1.0 with /poem/tempting-fate,high,redirect
/living-workshop/2020/6/23/not-voting,.com sitemap 2026-09-18,https://brianspoems.com/poem/not-voting,301,poem text overlap 0.84 with /poem/not-voting,high,redirect
/living-workshop/2020/6/24/i-keep-on-writing,.com sitemap 2026-09-18,https://brianspoems.com/poem/i-keep-on-writing,301,poem text overlap 0.917 with /poem/i-keep-on-writing,high,redirect
/living-workshop/2020/6/25/the-specialist,.com sitemap 2026-09-18,https://brianspoems.com/poem/the-specialist,301,poem text overlap 1.0 with /poem/the-specialist,high,redirect
/living-workshop/2020/6/26/your-life-story,.com sitemap 2026-09-18,/blog,301,no candidate on brianspoems.com,low - needs review,redirect - generic
/living-workshop/2020/6/27/the-perfect-space,.com sitemap 2026-09-18,https://brianspoems.com/poem/the-perfect-space,301,poem text overlap 0.807 with /poem/the-perfect-space,high,redirect
/living-workshop/2020/6/28/change-of-heart,.com sitemap 2026-09-18,https://brianspoems.com/poem/change-of-heart,301,poem text overlap 0.71 with /poem/change-of-heart,high,redirect
/living-workshop/2020/6/29/morning-bell,.com sitemap 2026-09-18,https://brianspoems.com/poem/morning-bell,301,poem text overlap 0.687 with /poem/morning-bell,high,redirect
/living-workshop/2020/6/3/preacher-man,.com sitemap 2026-09-18,https://brianspoems.com/poem/preacher-man,301,poem text overlap 0.784 with /poem/preacher-man,high,redirect
/living-workshop/2020/6/30/stolen-voice,.com sitemap 2026-09-18,https://brianspoems.com/poem/stolen-voice,301,poem text overlap 0.902 with /poem/stolen-voice,high,redirect
/living-workshop/2020/6/4/be-released,.com sitemap 2026-09-18,https://brianspoems.com/poem/be-released,301,poem text overlap 0.615 with /poem/be-released,high,redirect
/living-workshop/2020/6/5/a-good-sign,.com sitemap 2026-09-18,https://brianspoems.com/poem/a-good-sign,301,poem text overlap 0.971 with /poem/a-good-sign,high,redirect
/living-workshop/2020/6/6/reverence-falls,.com sitemap 2026-09-18,https://brianspoems.com/poem/reverence-falls,301,poem text overlap 1.0 with /poem/reverence-falls,high,redirect
/living-workshop/2020/6/7/hunted,.com sitemap 2026-09-18,https://brianspoems.com/poem/hunted,301,poem text overlap 1.0 with /poem/hunted,high,redirect
/living-workshop/2020/6/8/a-long-relationship,.com sitemap 2026-09-18,https://brianspoems.com/poem/a-long-relationship,301,poem text overlap 1.0 with /poem/a-long-relationship,high,redirect
/living-workshop/2020/6/9/show-up,.com sitemap 2026-09-18,https://brianspoems.com/poem/show-up,301,poem text overlap 0.962 with /poem/show-up,high,redirect
/living-workshop/2020/7/1/weary-confession,.com sitemap 2026-09-18,https://brianspoems.com/poem/weary-confession,301,poem text overlap 0.739 with /poem/weary-confession,high,redirect
/living-workshop/2020/7/10/shock-doctrine,.com sitemap 2026-09-18,https://brianspoems.com/poem/shock-doctrine,301,poem text overlap 1.0 with /poem/shock-doctrine,high,redirect
/living-workshop/2020/7/11/you-dont-notice,.com sitemap 2026-09-18,https://brianspoems.com/poem/you-don-t-notice,301,poem text overlap 0.838 with /poem/you-don-t-notice,high,redirect
/living-workshop/2020/7/12/inside-the-lines,.com sitemap 2026-09-18,https://brianspoems.com/poem/inside-the-lines,301,poem text overlap 0.957 with /poem/inside-the-lines,high,redirect
/living-workshop/2020/7/13/sacred-seeds,.com sitemap 2026-09-18,https://brianspoems.com/poem/sacred-seeds,301,poem text overlap 0.628 with /poem/sacred-seeds,high,redirect
/living-workshop/2020/7/14/tinkerer,.com sitemap 2026-09-18,https://brianspoems.com/poem/tinkerer,301,poem text overlap 0.989 with /poem/tinkerer,high,redirect
/living-workshop/2020/7/15/cassandra-complex,.com sitemap 2026-09-18,https://brianspoems.com/poem/cassandra-complex,301,poem text overlap 0.71 with /poem/cassandra-complex,high,redirect
/living-workshop/2020/7/16/wanting-to-escape,.com sitemap 2026-09-18,https://brianspoems.com/poem/wanting-to-escape,301,poem text overlap 0.957 with /poem/wanting-to-escape,high,redirect
/living-workshop/2020/7/17/the-panic-ends,.com sitemap 2026-09-18,https://brianspoems.com/poem/the-panic-ends,301,poem text overlap 0.754 with /poem/the-panic-ends,high,redirect
/living-workshop/2020/7/18/enjoy-the-silence,.com sitemap 2026-09-18,https://brianspoems.com/poem/enjoy-the-silence,301,poem text overlap 1.0 with /poem/enjoy-the-silence,high,redirect
/living-workshop/2020/7/19/a-point-of-view,.com sitemap 2026-09-18,https://brianspoems.com/poem/a-point-of-view,301,poem text overlap 0.827 with /poem/a-point-of-view,high,redirect
/living-workshop/2020/7/2/hesitating-beauty,.com sitemap 2026-09-18,/blog,301,best candidate /poem/hesitating-beauty scored 0.449,low - needs review,redirect - generic
/living-workshop/2020/7/20/love-changes,.com sitemap 2026-09-18,https://brianspoems.com/poem/love-changes,301,poem text overlap 0.688 with /poem/love-changes,high,redirect
/living-workshop/2020/7/21/like-a-rock,.com sitemap 2026-09-18,https://brianspoems.com/poem/like-a-rock,301,poem text overlap 0.86 with /poem/like-a-rock,high,redirect
/living-workshop/2020/7/22/dream-travelers,.com sitemap 2026-09-18,/blog,301,no candidate on brianspoems.com,low - needs review,redirect - generic
/living-workshop/2020/7/22/fourth-anniversary,.com sitemap 2026-09-18,/blog,301,no candidate on brianspoems.com,low - needs review,redirect - generic
/living-workshop/2020/7/23/doorway,.com sitemap 2026-09-18,/blog,301,no candidate on brianspoems.com,low - needs review,redirect - generic
/living-workshop/2020/7/24/perfection,.com sitemap 2026-09-18,/blog,301,no candidate on brianspoems.com,low - needs review,redirect - generic
/living-workshop/2020/7/25/look-at-me,.com sitemap 2026-09-18,/blog,301,no candidate on brianspoems.com,low - needs review,redirect - generic
/living-workshop/2020/7/26/pray-tell-me,.com sitemap 2026-09-18,/blog,301,no candidate on brianspoems.com,low - needs review,redirect - generic
/living-workshop/2020/7/27/from-the-inside,.com sitemap 2026-09-18,/blog,301,no candidate on brianspoems.com,low - needs review,redirect - generic
/living-workshop/2020/7/28/take-your-vacation,.com sitemap 2026-09-18,/blog,301,no candidate on brianspoems.com,low - needs review,redirect - generic
/living-workshop/2020/7/29/a-revelation,.com sitemap 2026-09-18,/blog,301,no candidate on brianspoems.com,low - needs review,redirect - generic
/living-workshop/2020/7/3/little-bitty-me,.com sitemap 2026-09-18,https://brianspoems.com/poem/little-bitty-me,301,poem text overlap 0.74 with /poem/little-bitty-me,high,redirect
/living-workshop/2020/7/30/go-out-at-night,.com sitemap 2026-09-18,/blog,301,no candidate on brianspoems.com,low - needs review,redirect - generic
/living-workshop/2020/7/31/into-a-stillness,.com sitemap 2026-09-18,/blog,301,no candidate on brianspoems.com,low - needs review,redirect - generic
/living-workshop/2020/7/4/socialism,.com sitemap 2026-09-18,https://brianspoems.com/poem/socialism,301,poem text overlap 0.787 with /poem/socialism,high,redirect
/living-workshop/2020/7/5/pandemic,.com sitemap 2026-09-18,https://brianspoems.com/poem/pandemic,301,poem text overlap 0.988 with /poem/pandemic,high,redirect
/living-workshop/2020/7/6/the-gears,.com sitemap 2026-09-18,https://brianspoems.com/poem/the-gears,301,poem text overlap 0.81 with /poem/the-gears,high,redirect
/living-workshop/2020/7/7/falling-slowly,.com sitemap 2026-09-18,https://brianspoems.com/poem/falling-slowly,301,poem text overlap 1.0 with /poem/falling-slowly,high,redirect
/living-workshop/2020/7/8/dnr-do-not-resuscitate,.com sitemap 2026-09-18,https://brianspoems.com/poem/dnr-do-not-resuscitate,301,poem text overlap 0.695 with /poem/dnr-do-not-resuscitate,high,redirect
/living-workshop/2020/7/9/34,.com sitemap 2026-09-18,https://brianspoems.com/poem/34,301,poem text overlap 0.929 with /poem/34,high,redirect
/living-workshop/2020/8/1/the-covid-cricket,.com sitemap 2026-09-18,/blog,301,no candidate on brianspoems.com,low - needs review,redirect - generic
/living-workshop/2020/8/10/men-and-grief-2,.com sitemap 2026-09-18,/blog,301,no candidate on brianspoems.com,low - needs review,redirect - generic
/living-workshop/2020/8/11/shelter,.com sitemap 2026-09-18,/blog,301,no candidate on brianspoems.com,low - needs review,redirect - generic
/living-workshop/2020/8/12/nightcall,.com sitemap 2026-09-18,/blog,301,no candidate on brianspoems.com,low - needs review,redirect - generic
/living-workshop/2020/8/13/do-bother,.com sitemap 2026-09-18,/blog,301,no candidate on brianspoems.com,low - needs review,redirect - generic
/living-workshop/2020/8/14/coming-back,.com sitemap 2026-09-18,/blog,301,no candidate on brianspoems.com,low - needs review,redirect - generic
/living-workshop/2020/8/15/a-poem-for-my-sister,.com sitemap 2026-09-18,/blog,301,no candidate on brianspoems.com,low - needs review,redirect - generic
/living-workshop/2020/8/16/pure-comedy,.com sitemap 2026-09-18,/blog,301,no candidate on brianspoems.com,low - needs review,redirect - generic
/living-workshop/2020/8/17/get-some-rest,.com sitemap 2026-09-18,/blog,301,no candidate on brianspoems.com,low - needs review,redirect - generic
/living-workshop/2020/8/18/world-suffering,.com sitemap 2026-09-18,/blog,301,no candidate on brianspoems.com,low - needs review,redirect - generic
/living-workshop/2020/8/19/its-time-for-a-change,.com sitemap 2026-09-18,/blog,301,no candidate on brianspoems.com,low - needs review,redirect - generic
/living-workshop/2020/8/19/out-of-darkness,.com sitemap 2026-09-18,/blog,301,no candidate on brianspoems.com,low - needs review,redirect - generic
/living-workshop/2020/8/2/turn-loose,.com sitemap 2026-09-18,/blog,301,no candidate on brianspoems.com,low - needs review,redirect - generic
/living-workshop/2020/8/20/the-forgotten-obvious,.com sitemap 2026-09-18,/blog,301,no candidate on brianspoems.com,low - needs review,redirect - generic
/living-workshop/2020/8/21/mmob,.com sitemap 2026-09-18,/blog,301,no candidate on brianspoems.com,low - needs review,redirect - generic
/living-workshop/2020/8/22/quiet-explosions,.com sitemap 2026-09-18,/blog,301,no candidate on brianspoems.com,low - needs review,redirect - generic
/living-workshop/2020/8/23/keep-digging,.com sitemap 2026-09-18,/blog,301,no candidate on brianspoems.com,low - needs review,redirect - generic
/living-workshop/2020/8/24/sanity,.com sitemap 2026-09-18,/blog,301,no candidate on brianspoems.com,low - needs review,redirect - generic
/living-workshop/2020/8/25/mine-alone,.com sitemap 2026-09-18,/blog,301,no candidate on brianspoems.com,low - needs review,redirect - generic
/living-workshop/2020/8/26/spindrift,.com sitemap 2026-09-18,/blog,301,no candidate on brianspoems.com,low - needs review,redirect - generic
/living-workshop/2020/8/27/the-troublemakers,.com sitemap 2026-09-18,/blog,301,no candidate on brianspoems.com,low - needs review,redirect - generic
/living-workshop/2020/8/28/soul-parole,.com sitemap 2026-09-18,/blog,301,no candidate on brianspoems.com,low - needs review,redirect - generic
/living-workshop/2020/8/29/oh-so-serious,.com sitemap 2026-09-18,/blog,301,no candidate on brianspoems.com,low - needs review,redirect - generic
/living-workshop/2020/8/3/out-of-order,.com sitemap 2026-09-18,/blog,301,no candidate on brianspoems.com,low - needs review,redirect - generic
/living-workshop/2020/8/30/i,.com sitemap 2026-09-18,/blog,301,no candidate on brianspoems.com,low - needs review,redirect - generic
/living-workshop/2020/8/31/no-shows,.com sitemap 2026-09-18,/blog,301,no candidate on brianspoems.com,low - needs review,redirect - generic
/living-workshop/2020/8/4/an-open-stillness,.com sitemap 2026-09-18,/blog,301,no candidate on brianspoems.com,low - needs review,redirect - generic
/living-workshop/2020/8/5/allow-the-mystery,.com sitemap 2026-09-18,/blog,301,no candidate on brianspoems.com,low - needs review,redirect - generic
/living-workshop/2020/8/6/a-lovers-death,.com sitemap 2026-09-18,/blog,301,no candidate on brianspoems.com,low - needs review,redirect - generic
/living-workshop/2020/8/7/new-flesh-grows,.com sitemap 2026-09-18,/blog,301,no candidate on brianspoems.com,low - needs review,redirect - generic
/living-workshop/2020/8/8/were-all-poems,.com sitemap 2026-09-18,/blog,301,no candidate on brianspoems.com,low - needs review,redirect - generic
/living-workshop/2020/8/9/men-and-grief,.com sitemap 2026-09-18,/blog,301,no candidate on brianspoems.com,low - needs review,redirect - generic
/living-workshop/2020/9/1/fast-asleep,.com sitemap 2026-09-18,/blog,301,no candidate on brianspoems.com,low - needs review,redirect - generic
/living-workshop/2020/9/2/empty-illusions,.com sitemap 2026-09-18,/blog,301,no candidate on brianspoems.com,low - needs review,redirect - generic
/living-workshop/2021/1/1/time-for-everything,.com sitemap 2026-09-18,/blog,301,no candidate on brianspoems.com,low - needs review,redirect - generic
/living-workshop/a-day-off,.com sitemap 2026-09-18,https://brianspoems.com/poem/a-day-off-3,301,poem text overlap 0.872 with /poem/a-day-off-3,high,redirect
/living-workshop/a-difficult-space,.com sitemap 2026-09-18,/blog,301,no candidate on brianspoems.com,low - needs review,redirect - generic
/living-workshop/a-dream-i-had,.com sitemap 2026-09-18,/blog,301,no candidate on brianspoems.com,low - needs review,redirect - generic
/living-workshop/a-healthy-heart,.com sitemap 2026-09-18,https://brianspoems.com/poem/a-healthy-heart,301,poem text overlap 0.603 with /poem/a-healthy-heart,high,redirect
/living-workshop/a-journey-in-all-directions,.com sitemap 2026-09-18,https://brianspoems.com/poem/a-journey-in-all-directions,301,poem text overlap 0.92 with /poem/a-journey-in-all-directions,high,redirect
/living-workshop/a-lovers-death,.com sitemap 2026-09-18,/blog,301,no candidate on brianspoems.com,low - needs review,redirect - generic
/living-workshop/a-morning-prayer,.com sitemap 2026-09-18,/blog,301,no candidate on brianspoems.com,low - needs review,redirect - generic
/living-workshop/a-new-day-will-come,.com sitemap 2026-09-18,https://brianspoems.com/poem/a-new-day-will-come,301,poem text overlap 0.933 with /poem/a-new-day-will-come,high,redirect
/living-workshop/a-poem-for-my-sister,.com sitemap 2026-09-18,/blog,301,no candidate on brianspoems.com,low - needs review,redirect - generic
/living-workshop/a-revelation,.com sitemap 2026-09-18,/blog,301,no candidate on brianspoems.com,low - needs review,redirect - generic
/living-workshop/allow-the-mystery,.com sitemap 2026-09-18,/blog,301,no candidate on brianspoems.com,low - needs review,redirect - generic
/living-workshop/allow-the-spirits,.com sitemap 2026-09-18,/blog,301,no candidate on brianspoems.com,low - needs review,redirect - generic
/living-workshop/allow-yourself-to-sit,.com sitemap 2026-09-18,/blog,301,no candidate on brianspoems.com,low - needs review,redirect - generic
/living-workshop/an-existential-miracle,.com sitemap 2026-09-18,/blog,301,no candidate on brianspoems.com,low - needs review,redirect - generic
/living-workshop/an-open-doorway,.com sitemap 2026-09-18,/blog,301,no candidate on brianspoems.com,low - needs review,redirect - generic
/living-workshop/an-open-stillness,.com sitemap 2026-09-18,/blog,301,no candidate on brianspoems.com,low - needs review,redirect - generic
/living-workshop/are-we-going-the-right-way,.com sitemap 2026-09-18,https://brianspoems.com/poem/are-we-going-the-right-way,301,poem text overlap 0.881 with /poem/are-we-going-the-right-way,high,redirect
/living-workshop/at-the-crossroads,.com sitemap 2026-09-18,/blog,301,best candidate /poem/at-the-crossroads scored 0.072,low - needs review,redirect - generic
/living-workshop/be-very-quiet,.com sitemap 2026-09-18,https://brianspoems.com/poem/be-very-quiet,301,poem text overlap 0.978 with /poem/be-very-quiet,high,redirect
/living-workshop/become-the-poem,.com sitemap 2026-09-18,/blog,301,no candidate on brianspoems.com,low - needs review,redirect - generic
/living-workshop/before-the-wars,.com sitemap 2026-09-18,https://brianspoems.com/poem/before-the-wars,301,poem text overlap 0.643 with /poem/before-the-wars,high,redirect
/living-workshop/belonging,.com sitemap 2026-09-18,https://brianspoems.com/poem/belonging-3,301,poem text overlap 0.935 with /poem/belonging-3,high,redirect
/living-workshop/beyond-ready,.com sitemap 2026-09-18,https://brianspoems.com/poem/beyond-ready,301,poem text overlap 1.0 with /poem/beyond-ready,high,redirect
/living-workshop/big-bang,.com sitemap 2026-09-18,https://brianspoems.com/poem/big-bang,301,poem text overlap 0.824 with /poem/big-bang,high,redirect
/living-workshop/boomers,.com sitemap 2026-09-18,https://brianspoems.com/poem/boomers,301,poem text overlap 0.652 with /poem/boomers,high,redirect
/living-workshop/breathe-me-back-to-life,.com sitemap 2026-09-18,/blog,301,no candidate on brianspoems.com,low - needs review,redirect - generic
/living-workshop/bridge-builder,.com sitemap 2026-09-18,/blog,301,no candidate on brianspoems.com,low - needs review,redirect - generic
/living-workshop/by-loving-small-things,.com sitemap 2026-09-18,/blog,301,no candidate on brianspoems.com,low - needs review,redirect - generic
/living-workshop/category/Brian%27s+Poem+of+the+Day,.com sitemap 2026-09-18,/blog,301,tag/category listing; no equivalent taxonomy on the new site,high,redirect
/living-workshop/category/Brian%27s+Poems,.com sitemap 2026-09-18,/blog,301,tag/category listing; no equivalent taxonomy on the new site,high,redirect
/living-workshop/category/Leaning+in+to+the+Mystical+Tradition,.com sitemap 2026-09-18,/blog,301,tag/category listing; no equivalent taxonomy on the new site,high,redirect
/living-workshop/chinaski,.com sitemap 2026-09-18,https://brianspoems.com/poem/chinaski,301,poem text overlap 0.618 with /poem/chinaski,high,redirect
/living-workshop/come-wisdom,.com sitemap 2026-09-18,https://brianspoems.com/poem/come-wisdom,301,poem text overlap 0.952 with /poem/come-wisdom,high,redirect
/living-workshop/coming-back,.com sitemap 2026-09-18,/blog,301,no candidate on brianspoems.com,low - needs review,redirect - generic
/living-workshop/compromise,.com sitemap 2026-09-18,/blog,301,best candidate /poem/compromise scored 0.029,low - needs review,redirect - generic
/living-workshop/confessions,.com sitemap 2026-09-18,/blog,301,best candidate /poem/confessions scored 0.154,low - needs review,redirect - generic
/living-workshop/crossroads,.com sitemap 2026-09-18,/blog,301,no candidate on brianspoems.com,low - needs review,redirect - generic
/living-workshop/darlings-of-the-status-quo,.com sitemap 2026-09-18,/blog,301,no candidate on brianspoems.com,low - needs review,redirect - generic
/living-workshop/deep-blue-ocean,.com sitemap 2026-09-18,https://brianspoems.com/poem/deep-blue-ocean,301,poem text overlap 0.839 with /poem/deep-blue-ocean,high,redirect
/living-workshop/deep-natured,.com sitemap 2026-09-18,/blog,301,no candidate on brianspoems.com,low - needs review,redirect - generic
/living-workshop/deliver-me-the-ocean,.com sitemap 2026-09-18,https://brianspoems.com/poem/deliver-me-the-ocean,301,poem text overlap 0.969 with /poem/deliver-me-the-ocean,high,redirect
/living-workshop/desert-pilgrim,.com sitemap 2026-09-18,/blog,301,best candidate /poem/desert-pilgrim scored 0.373,low - needs review,redirect - generic
/living-workshop/diminishing-resolve,.com sitemap 2026-09-18,/blog,301,no candidate on brianspoems.com,low - needs review,redirect - generic
/living-workshop/divine-seed,.com sitemap 2026-09-18,/blog,301,no candidate on brianspoems.com,low - needs review,redirect - generic
/living-workshop/do-bother,.com sitemap 2026-09-18,/blog,301,no candidate on brianspoems.com,low - needs review,redirect - generic
/living-workshop/do-not-invade-yourself,.com sitemap 2026-09-18,/blog,301,no candidate on brianspoems.com,low - needs review,redirect - generic
/living-workshop/dont-interfere-with-love,.com sitemap 2026-09-18,/blog,301,no candidate on brianspoems.com,low - needs review,redirect - generic
/living-workshop/dont-look-away,.com sitemap 2026-09-18,/blog,301,no candidate on brianspoems.com,low - needs review,redirect - generic
/living-workshop/doorway,.com sitemap 2026-09-18,/blog,301,no candidate on brianspoems.com,low - needs review,redirect - generic
/living-workshop/dream-travelers,.com sitemap 2026-09-18,/blog,301,no candidate on brianspoems.com,low - needs review,redirect - generic
/living-workshop/ego-surrender,.com sitemap 2026-09-18,https://brianspoems.com/poem/ego-surrender,301,poem text overlap 0.988 with /poem/ego-surrender,high,redirect
/living-workshop/emily,.com sitemap 2026-09-18,https://brianspoems.com/poem/emily,301,poem text overlap 0.824 with /poem/emily,high,redirect
/living-workshop/emotion,.com sitemap 2026-09-18,https://brianspoems.com/poem/emotion,301,poem text overlap 0.851 with /poem/emotion,high,redirect
/living-workshop/emptiness,.com sitemap 2026-09-18,https://brianspoems.com/poem/emptiness-2,301,poem text overlap 1.0 with /poem/emptiness-2,high,redirect
/living-workshop/empty-illusions,.com sitemap 2026-09-18,/blog,301,no candidate on brianspoems.com,low - needs review,redirect - generic
/living-workshop/eternal-life,.com sitemap 2026-09-18,/blog,301,no candidate on brianspoems.com,low - needs review,redirect - generic
/living-workshop/every-detail-is-grace,.com sitemap 2026-09-18,https://brianspoems.com/poem/every-detail-is-grace,301,poem text overlap 0.948 with /poem/every-detail-is-grace,high,redirect
/living-workshop/experience-your-truth,.com sitemap 2026-09-18,/blog,301,no candidate on brianspoems.com,low - needs review,redirect - generic
/living-workshop/fast-asleep,.com sitemap 2026-09-18,/blog,301,no candidate on brianspoems.com,low - needs review,redirect - generic
/living-workshop/field-theory,.com sitemap 2026-09-18,https://brianspoems.com/poem/field-theory,301,poem text overlap 0.826 with /poem/field-theory,high,redirect
/living-workshop/first-to-let-go,.com sitemap 2026-09-18,/blog,301,no candidate on brianspoems.com,low - needs review,redirect - generic
/living-workshop/follow-your-heartbreak,.com sitemap 2026-09-18,https://brianspoems.com/poem/follow-your-heartbreak,301,poem text overlap 0.736 with /poem/follow-your-heartbreak,high,redirect
/living-workshop/forgotten-bridge,.com sitemap 2026-09-18,https://brianspoems.com/poem/forgotten-bridge,301,poem text overlap 0.911 with /poem/forgotten-bridge,high,redirect
/living-workshop/from-the-inside,.com sitemap 2026-09-18,/blog,301,no candidate on brianspoems.com,low - needs review,redirect - generic
/living-workshop/gathering-the-sacred,.com sitemap 2026-09-18,https://brianspoems.com/poem/gathering-the-sacred,301,poem text overlap 0.978 with /poem/gathering-the-sacred,high,redirect
/living-workshop/get-some-rest,.com sitemap 2026-09-18,/blog,301,no candidate on brianspoems.com,low - needs review,redirect - generic
/living-workshop/go-out-at-night,.com sitemap 2026-09-18,/blog,301,no candidate on brianspoems.com,low - needs review,redirect - generic
/living-workshop/going-on-a-spiritual-journey,.com sitemap 2026-09-18,https://brianspoems.com/poem/going-on-a-spiritual-journey,301,poem text overlap 0.707 with /poem/going-on-a-spiritual-journey,high,redirect
/living-workshop/going-there,.com sitemap 2026-09-18,https://brianspoems.com/poem/going-there,301,poem text overlap 0.774 with /poem/going-there,high,redirect
/living-workshop/gossip,.com sitemap 2026-09-18,/blog,301,no candidate on brianspoems.com,low - needs review,redirect - generic
/living-workshop/gratitude-hymn,.com sitemap 2026-09-18,/blog,301,no candidate on brianspoems.com,low - needs review,redirect - generic
/living-workshop/happy-holidays-2020,.com sitemap 2026-09-18,/blog,301,no candidate on brianspoems.com,low - needs review,redirect - generic
/living-workshop/heart-center,.com sitemap 2026-09-18,/blog,301,no candidate on brianspoems.com,low - needs review,redirect - generic
/living-workshop/hellku,.com sitemap 2026-09-18,/blog,301,no candidate on brianspoems.com,low - needs review,redirect - generic
/living-workshop/here-i-am-love,.com sitemap 2026-09-18,/blog,301,no candidate on brianspoems.com,low - needs review,redirect - generic
/living-workshop/here-in-the-woods,.com sitemap 2026-09-18,/blog,301,no candidate on brianspoems.com,low - needs review,redirect - generic
/living-workshop/hold-steady,.com sitemap 2026-09-18,/blog,301,no candidate on brianspoems.com,low - needs review,redirect - generic
/living-workshop/holy-perfection,.com sitemap 2026-09-18,/blog,301,no candidate on brianspoems.com,low - needs review,redirect - generic
/living-workshop/home-base,.com sitemap 2026-09-18,/blog,301,no candidate on brianspoems.com,low - needs review,redirect - generic
/living-workshop/how-to-live-forever,.com sitemap 2026-09-18,https://brianspoems.com/poem/how-to-live-forever,301,poem text overlap 0.819 with /poem/how-to-live-forever,high,redirect
/living-workshop/i,.com sitemap 2026-09-18,/blog,301,no candidate on brianspoems.com,low - needs review,redirect - generic
/living-workshop/i-close-my-eyes-and-breathe,.com sitemap 2026-09-18,https://brianspoems.com/poem/i-close-my-eyes-and-breathe,301,poem text overlap 0.62 with /poem/i-close-my-eyes-and-breathe,high,redirect
/living-workshop/i-drink-for-a-reason,.com sitemap 2026-09-18,/blog,301,no candidate on brianspoems.com,low - needs review,redirect - generic
/living-workshop/i-let-my-fire-burn-down,.com sitemap 2026-09-18,/blog,301,no candidate on brianspoems.com,low - needs review,redirect - generic
/living-workshop/i-love-you,.com sitemap 2026-09-18,/blog,301,no candidate on brianspoems.com,low - needs review,redirect - generic
/living-workshop/i-must-remember,.com sitemap 2026-09-18,https://brianspoems.com/poem/i-must-remember,301,poem text overlap 0.859 with /poem/i-must-remember,high,redirect
/living-workshop/i-stand-on-the-left,.com sitemap 2026-09-18,/blog,301,no candidate on brianspoems.com,low - needs review,redirect - generic
/living-workshop/i-was-being-led,.com sitemap 2026-09-18,/blog,301,no candidate on brianspoems.com,low - needs review,redirect - generic
/living-workshop/impermanence,.com sitemap 2026-09-18,/blog,301,best candidate /poem/impermanence scored 0.0,low - needs review,redirect - generic
/living-workshop/in-the-mirror,.com sitemap 2026-09-18,https://brianspoems.com/poem/in-the-mirror-2,301,poem text overlap 0.821 with /poem/in-the-mirror-2,high,redirect
/living-workshop/in-this-moment,.com sitemap 2026-09-18,/blog,301,best candidate /poem/in-this-moment scored 0.083,low - needs review,redirect - generic
/living-workshop/inconsequential,.com sitemap 2026-09-18,https://brianspoems.com/poem/inconsequential,301,poem text overlap 0.672 with /poem/inconsequential,high,redirect
/living-workshop/indigenous,.com sitemap 2026-09-18,/blog,301,no candidate on brianspoems.com,low - needs review,redirect - generic
/living-workshop/into-a-stillness,.com sitemap 2026-09-18,/blog,301,no candidate on brianspoems.com,low - needs review,redirect - generic
/living-workshop/into-our-sacred-space,.com sitemap 2026-09-18,https://brianspoems.com/poem/into-our-sacred-space,301,poem text overlap 0.816 with /poem/into-our-sacred-space,high,redirect
/living-workshop/it-matters-to-me,.com sitemap 2026-09-18,/blog,301,no candidate on brianspoems.com,low - needs review,redirect - generic
/living-workshop/its-all-a-story,.com sitemap 2026-09-18,/blog,301,no candidate on brianspoems.com,low - needs review,redirect - generic
/living-workshop/ive-been-told-many-things,.com sitemap 2026-09-18,/blog,301,no candidate on brianspoems.com,low - needs review,redirect - generic
/living-workshop/just-let-it-go,.com sitemap 2026-09-18,/blog,301,no candidate on brianspoems.com,low - needs review,redirect - generic
/living-workshop/just-sit-there,.com sitemap 2026-09-18,https://brianspoems.com/poem/just-sit-there,301,poem text overlap 0.875 with /poem/just-sit-there,high,redirect
/living-workshop/keep-digging,.com sitemap 2026-09-18,/blog,301,no candidate on brianspoems.com,low - needs review,redirect - generic
/living-workshop/knowing-what-to-let-go,.com sitemap 2026-09-18,https://brianspoems.com/poem/knowing-what-to-let-go,301,poem text overlap 1.0 with /poem/knowing-what-to-let-go,high,redirect
/living-workshop/leave-it,.com sitemap 2026-09-18,https://brianspoems.com/poem/leave-it,301,poem text overlap 1.0 with /poem/leave-it,high,redirect
/living-workshop/let-the-mystery-be,.com sitemap 2026-09-18,/blog,301,"in the live sitemap but absent from the 915-post archive; recovered 2026-09-18, title ""Let the Mystery Be"", 2023-03-03",low - needs review + archive gap,redirect - generic
/living-workshop/libera-animam-tuam,.com sitemap 2026-09-18,/blog,301,no candidate on brianspoems.com,low - needs review,redirect - generic
/living-workshop/listen-again,.com sitemap 2026-09-18,/blog,301,no candidate on brianspoems.com,low - needs review,redirect - generic
/living-workshop/look-at-me,.com sitemap 2026-09-18,/blog,301,no candidate on brianspoems.com,low - needs review,redirect - generic
/living-workshop/maybe-my-story,.com sitemap 2026-09-18,https://brianspoems.com/poem/maybe-my-story,301,poem text overlap 1.0 with /poem/maybe-my-story,high,redirect
/living-workshop/maybe-tomorrow-the-sun,.com sitemap 2026-09-18,/blog,301,no candidate on brianspoems.com,low - needs review,redirect - generic
/living-workshop/men-and-grief,.com sitemap 2026-09-18,/blog,301,no candidate on brianspoems.com,low - needs review,redirect - generic
/living-workshop/men-and-grief-2,.com sitemap 2026-09-18,/blog,301,no candidate on brianspoems.com,low - needs review,redirect - generic
/living-workshop/messy,.com sitemap 2026-09-18,https://brianspoems.com/poem/messy,301,poem text overlap 0.791 with /poem/messy,high,redirect
/living-workshop/mid-life-passage,.com sitemap 2026-09-18,/blog,301,no candidate on brianspoems.com,low - needs review,redirect - generic
/living-workshop/mile-50,.com sitemap 2026-09-18,/blog,301,no candidate on brianspoems.com,low - needs review,redirect - generic
/living-workshop/minding-my-own-business,.com sitemap 2026-09-18,/blog,301,no candidate on brianspoems.com,low - needs review,redirect - generic
/living-workshop/monday-mornings,.com sitemap 2026-09-18,https://brianspoems.com/poem/monday-mornings,301,poem text overlap 0.696 with /poem/monday-mornings,high,redirect
/living-workshop/mordita,.com sitemap 2026-09-18,/blog,301,best candidate /poem/mordita scored 0.0,low - needs review,redirect - generic
/living-workshop/morning-person,.com sitemap 2026-09-18,/blog,301,no candidate on brianspoems.com,low - needs review,redirect - generic
/living-workshop/mud-and-mystery,.com sitemap 2026-09-18,https://brianspoems.com/poem/mud-and-mystery,301,poem text overlap 0.881 with /poem/mud-and-mystery,high,redirect
/living-workshop/my-canary,.com sitemap 2026-09-18,/blog,301,no candidate on brianspoems.com,low - needs review,redirect - generic
/living-workshop/my-serenity-prayer,.com sitemap 2026-09-18,/blog,301,no candidate on brianspoems.com,low - needs review,redirect - generic
/living-workshop/new-flesh-grows,.com sitemap 2026-09-18,/blog,301,no candidate on brianspoems.com,low - needs review,redirect - generic
/living-workshop/next-letter,.com sitemap 2026-09-18,https://brianspoems.com/poem/next-letter,301,poem text overlap 0.759 with /poem/next-letter,high,redirect
/living-workshop/night-call,.com sitemap 2026-09-18,/blog,301,no candidate on brianspoems.com,low - needs review,redirect - generic
/living-workshop/no-hard-feelings,.com sitemap 2026-09-18,/blog,301,no candidate on brianspoems.com,low - needs review,redirect - generic
/living-workshop/no-need-to-explain,.com sitemap 2026-09-18,https://brianspoems.com/poem/no-need-to-explain,301,poem text overlap 0.9 with /poem/no-need-to-explain,high,redirect
/living-workshop/no-shows,.com sitemap 2026-09-18,/blog,301,no candidate on brianspoems.com,low - needs review,redirect - generic
/living-workshop/not-speaking,.com sitemap 2026-09-18,https://brianspoems.com/poem/not-speaking,301,poem text overlap 0.893 with /poem/not-speaking,high,redirect
/living-workshop/now-the-phone-is-ringing,.com sitemap 2026-09-18,/blog,301,no candidate on brianspoems.com,low - needs review,redirect - generic
/living-workshop/ode-to-joy,.com sitemap 2026-09-18,https://brianspoems.com/poem/ode-to-joy,301,poem text overlap 0.775 with /poem/ode-to-joy,high,redirect
/living-workshop/ode-to-mortality,.com sitemap 2026-09-18,/blog,301,no candidate on brianspoems.com,low - needs review,redirect - generic
/living-workshop/ode-to-the-tuba-player,.com sitemap 2026-09-18,/blog,301,no candidate on brianspoems.com,low - needs review,redirect - generic
/living-workshop/ode-to-the-wild-god,.com sitemap 2026-09-18,https://brianspoems.com/poem/ode-to-the-wild-god,301,poem text overlap 0.882 with /poem/ode-to-the-wild-god,high,redirect
/living-workshop/oh-so-serious,.com sitemap 2026-09-18,/blog,301,no candidate on brianspoems.com,low - needs review,redirect - generic
/living-workshop/our-grip-weakens,.com sitemap 2026-09-18,https://brianspoems.com/poem/our-grip-weakens,301,poem text overlap 0.927 with /poem/our-grip-weakens,high,redirect
/living-workshop/out-of-darkness,.com sitemap 2026-09-18,/blog,301,no candidate on brianspoems.com,low - needs review,redirect - generic
/living-workshop/pain-is-real,.com sitemap 2026-09-18,/blog,301,no candidate on brianspoems.com,low - needs review,redirect - generic
/living-workshop/peace-and-stillness,.com sitemap 2026-09-18,/blog,301,no candidate on brianspoems.com,low - needs review,redirect - generic
/living-workshop/perfection,.com sitemap 2026-09-18,/blog,301,no candidate on brianspoems.com,low - needs review,redirect - generic
/living-workshop/pet-alligator-psa,.com sitemap 2026-09-18,/blog,301,no candidate on brianspoems.com,low - needs review,redirect - generic
/living-workshop/poets-wanted,.com sitemap 2026-09-18,/blog,301,no candidate on brianspoems.com,low - needs review,redirect - generic
/living-workshop/practicing-presence,.com sitemap 2026-09-18,https://brianspoems.com/poem/practicing-presence,301,poem text overlap 0.917 with /poem/practicing-presence,high,redirect
/living-workshop/pray-tell-me,.com sitemap 2026-09-18,/blog,301,no candidate on brianspoems.com,low - needs review,redirect - generic
/living-workshop/prayer-flag,.com sitemap 2026-09-18,https://brianspoems.com/poem/prayer-flag,301,poem text overlap 0.841 with /poem/prayer-flag,high,redirect
/living-workshop/prayer-for-our-fireside-council,.com sitemap 2026-09-18,https://brianspoems.com/poem/prayer-for-our-fireside-council,301,poem text overlap 0.825 with /poem/prayer-for-our-fireside-council,high,redirect
/living-workshop/prayer-for-patience,.com sitemap 2026-09-18,/blog,301,best candidate /poem/prayer-for-patience scored 0.107,low - needs review,redirect - generic
/living-workshop/primal-wilderness,.com sitemap 2026-09-18,/blog,301,no candidate on brianspoems.com,low - needs review,redirect - generic
/living-workshop/psilocybin,.com sitemap 2026-09-18,/blog,301,no candidate on brianspoems.com,low - needs review,redirect - generic
/living-workshop/pure-comedy,.com sitemap 2026-09-18,/blog,301,no candidate on brianspoems.com,low - needs review,redirect - generic
/living-workshop/quiet-explosions,.com sitemap 2026-09-18,/blog,301,no candidate on brianspoems.com,low - needs review,redirect - generic
/living-workshop/reconciliation,.com sitemap 2026-09-18,/blog,301,no candidate on brianspoems.com,low - needs review,redirect - generic
/living-workshop/rock-bottom,.com sitemap 2026-09-18,/blog,301,no candidate on brianspoems.com,low - needs review,redirect - generic
/living-workshop/sacred-space,.com sitemap 2026-09-18,/blog,301,best candidate /poem/sacred-space scored 0.062,low - needs review,redirect - generic
/living-workshop/samsara,.com sitemap 2026-09-18,https://brianspoems.com/poem/samsara,301,poem text overlap 0.774 with /poem/samsara,high,redirect
/living-workshop/sanity,.com sitemap 2026-09-18,/blog,301,no candidate on brianspoems.com,low - needs review,redirect - generic
/living-workshop/seasonal-menu,.com sitemap 2026-09-18,https://brianspoems.com/poem/seasonal-menu,301,poem text overlap 0.776 with /poem/seasonal-menu,high,redirect
/living-workshop/secret-of-secrets,.com sitemap 2026-09-18,https://brianspoems.com/poem/secret-of-secrets,301,poem text overlap 0.871 with /poem/secret-of-secrets,high,redirect
/living-workshop/seeing-from-within,.com sitemap 2026-09-18,https://brianspoems.com/poem/seeing-from-within,301,poem text overlap 1.0 with /poem/seeing-from-within,high,redirect
/living-workshop/seek-the-edge,.com sitemap 2026-09-18,https://brianspoems.com/poem/seek-the-edge,301,poem text overlap 0.988 with /poem/seek-the-edge,high,redirect
/living-workshop/shadow-work,.com sitemap 2026-09-18,https://brianspoems.com/poem/shadow-work-2,301,poem text overlap 0.786 with /poem/shadow-work-2,high,redirect
/living-workshop/shallow-pool,.com sitemap 2026-09-18,/blog,301,no candidate on brianspoems.com,low - needs review,redirect - generic
/living-workshop/share-my-heart,.com sitemap 2026-09-18,/blog,301,no candidate on brianspoems.com,low - needs review,redirect - generic
/living-workshop/share-your-gold,.com sitemap 2026-09-18,/blog,301,no candidate on brianspoems.com,low - needs review,redirect - generic
/living-workshop/sharing-our-gifts,.com sitemap 2026-09-18,/blog,301,no candidate on brianspoems.com,low - needs review,redirect - generic
/living-workshop/shelter,.com sitemap 2026-09-18,/blog,301,no candidate on brianspoems.com,low - needs review,redirect - generic
/living-workshop/shit-is-going-haywire,.com sitemap 2026-09-18,https://brianspoems.com/poem/shit-is-going-haywire,301,poem text overlap 0.866 with /poem/shit-is-going-haywire,high,redirect
/living-workshop/someday-i-will-ascend,.com sitemap 2026-09-18,/blog,301,no candidate on brianspoems.com,low - needs review,redirect - generic
/living-workshop/somewhere-spinning,.com sitemap 2026-09-18,https://brianspoems.com/poem/somewhere-spinning,301,poem text overlap 0.826 with /poem/somewhere-spinning,high,redirect
/living-workshop/soul-must-come-first,.com sitemap 2026-09-18,https://brianspoems.com/poem/soul-must-come-first,301,poem text overlap 0.904 with /poem/soul-must-come-first,high,redirect
/living-workshop/soul-parole,.com sitemap 2026-09-18,/blog,301,no candidate on brianspoems.com,low - needs review,redirect - generic
/living-workshop/soul-resurrected,.com sitemap 2026-09-18,https://brianspoems.com/poem/soul-resurrected,301,poem text overlap 1.0 with /poem/soul-resurrected,high,redirect
/living-workshop/space-in-between,.com sitemap 2026-09-18,https://brianspoems.com/poem/space-in-between,301,poem text overlap 0.877 with /poem/space-in-between,high,redirect
/living-workshop/space-to-breathe,.com sitemap 2026-09-18,/blog,301,no candidate on brianspoems.com,low - needs review,redirect - generic
/living-workshop/spaciousness,.com sitemap 2026-09-18,/blog,301,no candidate on brianspoems.com,low - needs review,redirect - generic
/living-workshop/spaciousness-of-soul,.com sitemap 2026-09-18,https://brianspoems.com/poem/spaciousness-of-soul,301,poem text overlap 0.757 with /poem/spaciousness-of-soul,high,redirect
/living-workshop/spindrift,.com sitemap 2026-09-18,/blog,301,no candidate on brianspoems.com,low - needs review,redirect - generic
/living-workshop/stillness-is-my-objective,.com sitemap 2026-09-18,https://brianspoems.com/poem/stillness-is-my-objective,301,poem text overlap 0.83 with /poem/stillness-is-my-objective,high,redirect
/living-workshop/straight-lines,.com sitemap 2026-09-18,/blog,301,best candidate /poem/straight-lines scored 0.042,low - needs review,redirect - generic
/living-workshop/swallow-the-ocean,.com sitemap 2026-09-18,https://brianspoems.com/poem/swallow-the-ocean,301,poem text overlap 0.671 with /poem/swallow-the-ocean,high,redirect
/living-workshop/sweet-morning,.com sitemap 2026-09-18,/blog,301,no candidate on brianspoems.com,low - needs review,redirect - generic
/living-workshop/tag/2020,.com sitemap 2026-09-18,/blog,301,tag/category listing; no equivalent taxonomy on the new site,high,redirect
/living-workshop/tag/2023+-++Week+14,.com sitemap 2026-09-18,/blog,301,tag/category listing; no equivalent taxonomy on the new site,high,redirect
/living-workshop/tag/2023+-+Week+10,.com sitemap 2026-09-18,/blog,301,tag/category listing; no equivalent taxonomy on the new site,high,redirect
/living-workshop/tag/2023+-+Week+11,.com sitemap 2026-09-18,/blog,301,tag/category listing; no equivalent taxonomy on the new site,high,redirect
/living-workshop/tag/2023+-+Week+12,.com sitemap 2026-09-18,/blog,301,tag/category listing; no equivalent taxonomy on the new site,high,redirect
/living-workshop/tag/2023+-+Week+13,.com sitemap 2026-09-18,/blog,301,tag/category listing; no equivalent taxonomy on the new site,high,redirect
/living-workshop/tag/2023+-+Week+14,.com sitemap 2026-09-18,/blog,301,tag/category listing; no equivalent taxonomy on the new site,high,redirect
/living-workshop/tag/2023+-+Week+15,.com sitemap 2026-09-18,/blog,301,tag/category listing; no equivalent taxonomy on the new site,high,redirect
/living-workshop/tag/2023+-+Week+16,.com sitemap 2026-09-18,/blog,301,tag/category listing; no equivalent taxonomy on the new site,high,redirect
/living-workshop/tag/2023+-+Week+17,.com sitemap 2026-09-18,/blog,301,tag/category listing; no equivalent taxonomy on the new site,high,redirect
/living-workshop/tag/2023+-+Week+18,.com sitemap 2026-09-18,/blog,301,tag/category listing; no equivalent taxonomy on the new site,high,redirect
/living-workshop/tag/2023+-+Week+19,.com sitemap 2026-09-18,/blog,301,tag/category listing; no equivalent taxonomy on the new site,high,redirect
/living-workshop/tag/2023+-+Week+20,.com sitemap 2026-09-18,/blog,301,tag/category listing; no equivalent taxonomy on the new site,high,redirect
/living-workshop/tag/2023+-+Week+21,.com sitemap 2026-09-18,/blog,301,tag/category listing; no equivalent taxonomy on the new site,high,redirect
/living-workshop/tag/2023+-+Week+22,.com sitemap 2026-09-18,/blog,301,tag/category listing; no equivalent taxonomy on the new site,high,redirect
/living-workshop/tag/2023+-+Week+23,.com sitemap 2026-09-18,/blog,301,tag/category listing; no equivalent taxonomy on the new site,high,redirect
/living-workshop/tag/2023+-+Week+24,.com sitemap 2026-09-18,/blog,301,tag/category listing; no equivalent taxonomy on the new site,high,redirect
/living-workshop/tag/2023+-+Week+25,.com sitemap 2026-09-18,/blog,301,tag/category listing; no equivalent taxonomy on the new site,high,redirect
/living-workshop/tag/2023+-+Week+26,.com sitemap 2026-09-18,/blog,301,tag/category listing; no equivalent taxonomy on the new site,high,redirect
/living-workshop/tag/2023+-+Week+27,.com sitemap 2026-09-18,/blog,301,tag/category listing; no equivalent taxonomy on the new site,high,redirect
/living-workshop/tag/2023+-+Week+28,.com sitemap 2026-09-18,/blog,301,tag/category listing; no equivalent taxonomy on the new site,high,redirect
/living-workshop/tag/2023+-+Week+29,.com sitemap 2026-09-18,/blog,301,tag/category listing; no equivalent taxonomy on the new site,high,redirect
/living-workshop/tag/2023+-+Week+30,.com sitemap 2026-09-18,/blog,301,tag/category listing; no equivalent taxonomy on the new site,high,redirect
/living-workshop/tag/2023+-+Week+31,.com sitemap 2026-09-18,/blog,301,tag/category listing; no equivalent taxonomy on the new site,high,redirect
/living-workshop/tag/2023+-+Week+8,.com sitemap 2026-09-18,/blog,301,tag/category listing; no equivalent taxonomy on the new site,high,redirect
/living-workshop/tag/2023+-+Week+9,.com sitemap 2026-09-18,/blog,301,tag/category listing; no equivalent taxonomy on the new site,high,redirect
/living-workshop/tag/30-40-50,.com sitemap 2026-09-18,/blog,301,tag/category listing; no equivalent taxonomy on the new site,high,redirect
/living-workshop/tag/34,.com sitemap 2026-09-18,/blog,301,tag/category listing; no equivalent taxonomy on the new site,high,redirect
/living-workshop/tag/A+Beginning%27s+End,.com sitemap 2026-09-18,/blog,301,tag/category listing; no equivalent taxonomy on the new site,high,redirect
/living-workshop/tag/A+Better+Me,.com sitemap 2026-09-18,/blog,301,tag/category listing; no equivalent taxonomy on the new site,high,redirect
/living-workshop/tag/A+Bigger+Fight,.com sitemap 2026-09-18,/blog,301,tag/category listing; no equivalent taxonomy on the new site,high,redirect
/living-workshop/tag/A+Billion+Collisions,.com sitemap 2026-09-18,/blog,301,tag/category listing; no equivalent taxonomy on the new site,high,redirect
/living-workshop/tag/A+Blessing,.com sitemap 2026-09-18,/blog,301,tag/category listing; no equivalent taxonomy on the new site,high,redirect
/living-workshop/tag/A+Book+Called+%22Being+Alive%22,.com sitemap 2026-09-18,/blog,301,tag/category listing; no equivalent taxonomy on the new site,high,redirect
/living-workshop/tag/A+Break,.com sitemap 2026-09-18,/blog,301,tag/category listing; no equivalent taxonomy on the new site,high,redirect
/living-workshop/tag/A+Day+Off,.com sitemap 2026-09-18,/blog,301,tag/category listing; no equivalent taxonomy on the new site,high,redirect
/living-workshop/tag/A+Free+Lunch,.com sitemap 2026-09-18,/blog,301,tag/category listing; no equivalent taxonomy on the new site,high,redirect
/living-workshop/tag/A+Good+Seat,.com sitemap 2026-09-18,/blog,301,tag/category listing; no equivalent taxonomy on the new site,high,redirect
/living-workshop/tag/A+Good+Sign,.com sitemap 2026-09-18,/blog,301,tag/category listing; no equivalent taxonomy on the new site,high,redirect
/living-workshop/tag/A+Good+Smoke,.com sitemap 2026-09-18,/blog,301,tag/category listing; no equivalent taxonomy on the new site,high,redirect
/living-workshop/tag/A+Great+Awakening,.com sitemap 2026-09-18,/blog,301,tag/category listing; no equivalent taxonomy on the new site,high,redirect
/living-workshop/tag/A+Healing+Light,.com sitemap 2026-09-18,/blog,301,tag/category listing; no equivalent taxonomy on the new site,high,redirect
/living-workshop/tag/A+Humble+Spirit,.com sitemap 2026-09-18,/blog,301,tag/category listing; no equivalent taxonomy on the new site,high,redirect
/living-workshop/tag/A+Little+Suffering,.com sitemap 2026-09-18,/blog,301,tag/category listing; no equivalent taxonomy on the new site,high,redirect
/living-workshop/tag/A+Long+Relationship,.com sitemap 2026-09-18,/blog,301,tag/category listing; no equivalent taxonomy on the new site,high,redirect
/living-workshop/tag/A+Love+Feast,.com sitemap 2026-09-18,/blog,301,tag/category listing; no equivalent taxonomy on the new site,high,redirect
/living-workshop/tag/A+Love+Letter,.com sitemap 2026-09-18,/blog,301,tag/category listing; no equivalent taxonomy on the new site,high,redirect
/living-workshop/tag/A+Lover%27s+Death,.com sitemap 2026-09-18,/blog,301,tag/category listing; no equivalent taxonomy on the new site,high,redirect
/living-workshop/tag/A+Million+Little+Things,.com sitemap 2026-09-18,/blog,301,tag/category listing; no equivalent taxonomy on the new site,high,redirect
/living-workshop/tag/A+Place+to+Always,.com sitemap 2026-09-18,/blog,301,tag/category listing; no equivalent taxonomy on the new site,high,redirect
/living-workshop/tag/A+Poem+for+My+Sister,.com sitemap 2026-09-18,/blog,301,tag/category listing; no equivalent taxonomy on the new site,high,redirect
/living-workshop/tag/A+Point+of+View,.com sitemap 2026-09-18,/blog,301,tag/category listing; no equivalent taxonomy on the new site,high,redirect
/living-workshop/tag/A+Prayer+for+Everyone,.com sitemap 2026-09-18,/blog,301,tag/category listing; no equivalent taxonomy on the new site,high,redirect
/living-workshop/tag/A+Real+Human+Being,.com sitemap 2026-09-18,/blog,301,tag/category listing; no equivalent taxonomy on the new site,high,redirect
/living-workshop/tag/A+Revelation,.com sitemap 2026-09-18,/blog,301,tag/category listing; no equivalent taxonomy on the new site,high,redirect
/living-workshop/tag/A+Seed,.com sitemap 2026-09-18,/blog,301,tag/category listing; no equivalent taxonomy on the new site,high,redirect
/living-workshop/tag/A+Silent+Welcome,.com sitemap 2026-09-18,/blog,301,tag/category listing; no equivalent taxonomy on the new site,high,redirect
/living-workshop/tag/A+Simple+Prayer,.com sitemap 2026-09-18,/blog,301,tag/category listing; no equivalent taxonomy on the new site,high,redirect
/living-workshop/tag/A+Slave+Ship+Named+Jesus,.com sitemap 2026-09-18,/blog,301,tag/category listing; no equivalent taxonomy on the new site,high,redirect
/living-workshop/tag/A+Softening,.com sitemap 2026-09-18,/blog,301,tag/category listing; no equivalent taxonomy on the new site,high,redirect
/living-workshop/tag/A+Thousand+Days+Off,.com sitemap 2026-09-18,/blog,301,tag/category listing; no equivalent taxonomy on the new site,high,redirect
/living-workshop/tag/A+Time+to+Rest,.com sitemap 2026-09-18,/blog,301,tag/category listing; no equivalent taxonomy on the new site,high,redirect
/living-workshop/tag/A+Toothache,.com sitemap 2026-09-18,/blog,301,tag/category listing; no equivalent taxonomy on the new site,high,redirect
/living-workshop/tag/A+Traveling+Conversation,.com sitemap 2026-09-18,/blog,301,tag/category listing; no equivalent taxonomy on the new site,high,redirect
/living-workshop/tag/Accept+the+Call,.com sitemap 2026-09-18,/blog,301,tag/category listing; no equivalent taxonomy on the new site,high,redirect
/living-workshop/tag/Acceptance,.com sitemap 2026-09-18,/blog,301,tag/category listing; no equivalent taxonomy on the new site,high,redirect
/living-workshop/tag/Acquiescence,.com sitemap 2026-09-18,/blog,301,tag/category listing; no equivalent taxonomy on the new site,high,redirect
/living-workshop/tag/Adoption+Day,.com sitemap 2026-09-18,/blog,301,tag/category listing; no equivalent taxonomy on the new site,high,redirect
/living-workshop/tag/After+the+Curtain,.com sitemap 2026-09-18,/blog,301,tag/category listing; no equivalent taxonomy on the new site,high,redirect
/living-workshop/tag/Alcohol,.com sitemap 2026-09-18,/blog,301,tag/category listing; no equivalent taxonomy on the new site,high,redirect
/living-workshop/tag/All+Goes+Away,.com sitemap 2026-09-18,/blog,301,tag/category listing; no equivalent taxonomy on the new site,high,redirect
/living-workshop/tag/All+Those+Places,.com sitemap 2026-09-18,/blog,301,tag/category listing; no equivalent taxonomy on the new site,high,redirect
/living-workshop/tag/Allow+the+Mystery,.com sitemap 2026-09-18,/blog,301,tag/category listing; no equivalent taxonomy on the new site,high,redirect
/living-workshop/tag/Along+a+River,.com sitemap 2026-09-18,/blog,301,tag/category listing; no equivalent taxonomy on the new site,high,redirect
/living-workshop/tag/Always+Remember,.com sitemap 2026-09-18,/blog,301,tag/category listing; no equivalent taxonomy on the new site,high,redirect
/living-workshop/tag/Amazing+Grace,.com sitemap 2026-09-18,/blog,301,tag/category listing; no equivalent taxonomy on the new site,high,redirect
/living-workshop/tag/Ambiguity,.com sitemap 2026-09-18,/blog,301,tag/category listing; no equivalent taxonomy on the new site,high,redirect
/living-workshop/tag/Amigos,.com sitemap 2026-09-18,/blog,301,tag/category listing; no equivalent taxonomy on the new site,high,redirect
/living-workshop/tag/An+Artist%27s+Prayer,.com sitemap 2026-09-18,/blog,301,tag/category listing; no equivalent taxonomy on the new site,high,redirect
/living-workshop/tag/An+Existential+Question,.com sitemap 2026-09-18,/blog,301,tag/category listing; no equivalent taxonomy on the new site,high,redirect
/living-workshop/tag/An+Open+Stillness,.com sitemap 2026-09-18,/blog,301,tag/category listing; no equivalent taxonomy on the new site,high,redirect
/living-workshop/tag/Aniara,.com sitemap 2026-09-18,/blog,301,tag/category listing; no equivalent taxonomy on the new site,high,redirect
/living-workshop/tag/Anything+Better,.com sitemap 2026-09-18,/blog,301,tag/category listing; no equivalent taxonomy on the new site,high,redirect
/living-workshop/tag/Anywhere,.com sitemap 2026-09-18,/blog,301,tag/category listing; no equivalent taxonomy on the new site,high,redirect
/living-workshop/tag/Approach+God,.com sitemap 2026-09-18,/blog,301,tag/category listing; no equivalent taxonomy on the new site,high,redirect
/living-workshop/tag/Around+the+Bend,.com sitemap 2026-09-18,/blog,301,tag/category listing; no equivalent taxonomy on the new site,high,redirect
/living-workshop/tag/As+I+Understand,.com sitemap 2026-09-18,/blog,301,tag/category listing; no equivalent taxonomy on the new site,high,redirect
/living-workshop/tag/As+Water+Goes,.com sitemap 2026-09-18,/blog,301,tag/category listing; no equivalent taxonomy on the new site,high,redirect
/living-workshop/tag/At+Home,.com sitemap 2026-09-18,/blog,301,tag/category listing; no equivalent taxonomy on the new site,high,redirect
/living-workshop/tag/At+the+Creek+Bottom,.com sitemap 2026-09-18,/blog,301,tag/category listing; no equivalent taxonomy on the new site,high,redirect
/living-workshop/tag/Athena,.com sitemap 2026-09-18,/blog,301,tag/category listing; no equivalent taxonomy on the new site,high,redirect
/living-workshop/tag/Autumn,.com sitemap 2026-09-18,/blog,301,tag/category listing; no equivalent taxonomy on the new site,high,redirect
/living-workshop/tag/Awake+My+Soul,.com sitemap 2026-09-18,/blog,301,tag/category listing; no equivalent taxonomy on the new site,high,redirect
/living-workshop/tag/Awakened,.com sitemap 2026-09-18,/blog,301,tag/category listing; no equivalent taxonomy on the new site,high,redirect
/living-workshop/tag/Awe,.com sitemap 2026-09-18,/blog,301,tag/category listing; no equivalent taxonomy on the new site,high,redirect
/living-workshop/tag/Back+for+Me,.com sitemap 2026-09-18,/blog,301,tag/category listing; no equivalent taxonomy on the new site,high,redirect
/living-workshop/tag/Back+to+Forever,.com sitemap 2026-09-18,/blog,301,tag/category listing; no equivalent taxonomy on the new site,high,redirect
/living-workshop/tag/Baked,.com sitemap 2026-09-18,/blog,301,tag/category listing; no equivalent taxonomy on the new site,high,redirect
/living-workshop/tag/Be+Lean+of+Expression,.com sitemap 2026-09-18,/blog,301,tag/category listing; no equivalent taxonomy on the new site,high,redirect
/living-workshop/tag/Be+Patient,.com sitemap 2026-09-18,/blog,301,tag/category listing; no equivalent taxonomy on the new site,high,redirect
/living-workshop/tag/Be+Released,.com sitemap 2026-09-18,/blog,301,tag/category listing; no equivalent taxonomy on the new site,high,redirect
/living-workshop/tag/Be+Spontaneous+and+Authentic,.com sitemap 2026-09-18,/blog,301,tag/category listing; no equivalent taxonomy on the new site,high,redirect
/living-workshop/tag/Beating+Heart,.com sitemap 2026-09-18,/blog,301,tag/category listing; no equivalent taxonomy on the new site,high,redirect
/living-workshop/tag/Become+Poem,.com sitemap 2026-09-18,/blog,301,tag/category listing; no equivalent taxonomy on the new site,high,redirect
/living-workshop/tag/Becoming,.com sitemap 2026-09-18,/blog,301,tag/category listing; no equivalent taxonomy on the new site,high,redirect
/living-workshop/tag/Becoming+Speechless,.com sitemap 2026-09-18,/blog,301,tag/category listing; no equivalent taxonomy on the new site,high,redirect
/living-workshop/tag/Bedeviled,.com sitemap 2026-09-18,/blog,301,tag/category listing; no equivalent taxonomy on the new site,high,redirect
/living-workshop/tag/Beer,.com sitemap 2026-09-18,/blog,301,tag/category listing; no equivalent taxonomy on the new site,high,redirect
/living-workshop/tag/Before+Bed,.com sitemap 2026-09-18,/blog,301,tag/category listing; no equivalent taxonomy on the new site,high,redirect
/living-workshop/tag/Before+I+Begin...,.com sitemap 2026-09-18,/blog,301,tag/category listing; no equivalent taxonomy on the new site,high,redirect
/living-workshop/tag/Before+and+After,.com sitemap 2026-09-18,/blog,301,tag/category listing; no equivalent taxonomy on the new site,high,redirect
/living-workshop/tag/Behold,.com sitemap 2026-09-18,/blog,301,tag/category listing; no equivalent taxonomy on the new site,high,redirect
/living-workshop/tag/Being+Human,.com sitemap 2026-09-18,/blog,301,tag/category listing; no equivalent taxonomy on the new site,high,redirect
/living-workshop/tag/Belly+Fat,.com sitemap 2026-09-18,/blog,301,tag/category listing; no equivalent taxonomy on the new site,high,redirect
/living-workshop/tag/Bellyache,.com sitemap 2026-09-18,/blog,301,tag/category listing; no equivalent taxonomy on the new site,high,redirect
/living-workshop/tag/Belonging,.com sitemap 2026-09-18,/blog,301,tag/category listing; no equivalent taxonomy on the new site,high,redirect
/living-workshop/tag/Better+Man,.com sitemap 2026-09-18,/blog,301,tag/category listing; no equivalent taxonomy on the new site,high,redirect
/living-workshop/tag/Beware,.com sitemap 2026-09-18,/blog,301,tag/category listing; no equivalent taxonomy on the new site,high,redirect
/living-workshop/tag/Beyond+Cost,.com sitemap 2026-09-18,/blog,301,tag/category listing; no equivalent taxonomy on the new site,high,redirect
/living-workshop/tag/Beyond+Love+Stories,.com sitemap 2026-09-18,/blog,301,tag/category listing; no equivalent taxonomy on the new site,high,redirect
/living-workshop/tag/Beyond+the+Sea,.com sitemap 2026-09-18,/blog,301,tag/category listing; no equivalent taxonomy on the new site,high,redirect
/living-workshop/tag/Big+Catch,.com sitemap 2026-09-18,/blog,301,tag/category listing; no equivalent taxonomy on the new site,high,redirect
/living-workshop/tag/Birkenstock,.com sitemap 2026-09-18,/blog,301,tag/category listing; no equivalent taxonomy on the new site,high,redirect
/living-workshop/tag/Bit+O%27+Gold,.com sitemap 2026-09-18,/blog,301,tag/category listing; no equivalent taxonomy on the new site,high,redirect
/living-workshop/tag/Bite+Your+Tongue,.com sitemap 2026-09-18,/blog,301,tag/category listing; no equivalent taxonomy on the new site,high,redirect
/living-workshop/tag/Black+Sparrow,.com sitemap 2026-09-18,/blog,301,tag/category listing; no equivalent taxonomy on the new site,high,redirect
/living-workshop/tag/Bleeding,.com sitemap 2026-09-18,/blog,301,tag/category listing; no equivalent taxonomy on the new site,high,redirect
/living-workshop/tag/Body+%26+Soul,.com sitemap 2026-09-18,/blog,301,tag/category listing; no equivalent taxonomy on the new site,high,redirect
/living-workshop/tag/Born+Again,.com sitemap 2026-09-18,/blog,301,tag/category listing; no equivalent taxonomy on the new site,high,redirect
/living-workshop/tag/Breath,.com sitemap 2026-09-18,/blog,301,tag/category listing; no equivalent taxonomy on the new site,high,redirect
/living-workshop/tag/Brian+Shrugged,.com sitemap 2026-09-18,/blog,301,tag/category listing; no equivalent taxonomy on the new site,high,redirect
/living-workshop/tag/Bullfrog,.com sitemap 2026-09-18,/blog,301,tag/category listing; no equivalent taxonomy on the new site,high,redirect
/living-workshop/tag/Bulls**t+Jobs,.com sitemap 2026-09-18,/blog,301,tag/category listing; no equivalent taxonomy on the new site,high,redirect
/living-workshop/tag/By+Leaving,.com sitemap 2026-09-18,/blog,301,tag/category listing; no equivalent taxonomy on the new site,high,redirect
/living-workshop/tag/Calendar+App,.com sitemap 2026-09-18,/blog,301,tag/category listing; no equivalent taxonomy on the new site,high,redirect
/living-workshop/tag/Call+to+Your+Soul,.com sitemap 2026-09-18,/blog,301,tag/category listing; no equivalent taxonomy on the new site,high,redirect
/living-workshop/tag/Canine+Codependency,.com sitemap 2026-09-18,/blog,301,tag/category listing; no equivalent taxonomy on the new site,high,redirect
/living-workshop/tag/Cassandra+Complex,.com sitemap 2026-09-18,/blog,301,tag/category listing; no equivalent taxonomy on the new site,high,redirect
/living-workshop/tag/Cathedral+of+Creation,.com sitemap 2026-09-18,/blog,301,tag/category listing; no equivalent taxonomy on the new site,high,redirect
/living-workshop/tag/Causality,.com sitemap 2026-09-18,/blog,301,tag/category listing; no equivalent taxonomy on the new site,high,redirect
/living-workshop/tag/Change+of+Heart,.com sitemap 2026-09-18,/blog,301,tag/category listing; no equivalent taxonomy on the new site,high,redirect
/living-workshop/tag/Cheers+to+the+Misfits%21,.com sitemap 2026-09-18,/blog,301,tag/category listing; no equivalent taxonomy on the new site,high,redirect
/living-workshop/tag/Christmas+Arrives,.com sitemap 2026-09-18,/blog,301,tag/category listing; no equivalent taxonomy on the new site,high,redirect
/living-workshop/tag/Churched,.com sitemap 2026-09-18,/blog,301,tag/category listing; no equivalent taxonomy on the new site,high,redirect
/living-workshop/tag/Churning,.com sitemap 2026-09-18,/blog,301,tag/category listing; no equivalent taxonomy on the new site,high,redirect
/living-workshop/tag/Circles,.com sitemap 2026-09-18,/blog,301,tag/category listing; no equivalent taxonomy on the new site,high,redirect
/living-workshop/tag/Clearheaded,.com sitemap 2026-09-18,/blog,301,tag/category listing; no equivalent taxonomy on the new site,high,redirect
/living-workshop/tag/Come+into+the+Light,.com sitemap 2026-09-18,/blog,301,tag/category listing; no equivalent taxonomy on the new site,high,redirect
/living-workshop/tag/Coming+Back,.com sitemap 2026-09-18,/blog,301,tag/category listing; no equivalent taxonomy on the new site,high,redirect
/living-workshop/tag/Community,.com sitemap 2026-09-18,/blog,301,tag/category listing; no equivalent taxonomy on the new site,high,redirect
/living-workshop/tag/Compassion,.com sitemap 2026-09-18,/blog,301,tag/category listing; no equivalent taxonomy on the new site,high,redirect
/living-workshop/tag/Compromise,.com sitemap 2026-09-18,/blog,301,tag/category listing; no equivalent taxonomy on the new site,high,redirect
/living-workshop/tag/Compulsion,.com sitemap 2026-09-18,/blog,301,tag/category listing; no equivalent taxonomy on the new site,high,redirect
/living-workshop/tag/Confessions,.com sitemap 2026-09-18,/blog,301,tag/category listing; no equivalent taxonomy on the new site,high,redirect
/living-workshop/tag/Conformity,.com sitemap 2026-09-18,/blog,301,tag/category listing; no equivalent taxonomy on the new site,high,redirect
/living-workshop/tag/Confronting+Anger,.com sitemap 2026-09-18,/blog,301,tag/category listing; no equivalent taxonomy on the new site,high,redirect
/living-workshop/tag/Conspiracies+Abound,.com sitemap 2026-09-18,/blog,301,tag/category listing; no equivalent taxonomy on the new site,high,redirect
/living-workshop/tag/Conversion,.com sitemap 2026-09-18,/blog,301,tag/category listing; no equivalent taxonomy on the new site,high,redirect
/living-workshop/tag/Counterphobic,.com sitemap 2026-09-18,/blog,301,tag/category listing; no equivalent taxonomy on the new site,high,redirect
/living-workshop/tag/Courage,.com sitemap 2026-09-18,/blog,301,tag/category listing; no equivalent taxonomy on the new site,high,redirect
/living-workshop/tag/Crawly+Things,.com sitemap 2026-09-18,/blog,301,tag/category listing; no equivalent taxonomy on the new site,high,redirect
/living-workshop/tag/Criticism,.com sitemap 2026-09-18,/blog,301,tag/category listing; no equivalent taxonomy on the new site,high,redirect
/living-workshop/tag/Crying,.com sitemap 2026-09-18,/blog,301,tag/category listing; no equivalent taxonomy on the new site,high,redirect
/living-workshop/tag/Cults,.com sitemap 2026-09-18,/blog,301,tag/category listing; no equivalent taxonomy on the new site,high,redirect
/living-workshop/tag/DNR+%28Do+Not+Resuscitate%29,.com sitemap 2026-09-18,/blog,301,tag/category listing; no equivalent taxonomy on the new site,high,redirect
/living-workshop/tag/Dance+with+You,.com sitemap 2026-09-18,/blog,301,tag/category listing; no equivalent taxonomy on the new site,high,redirect
/living-workshop/tag/Dark+Was+the+Night,.com sitemap 2026-09-18,/blog,301,tag/category listing; no equivalent taxonomy on the new site,high,redirect
/living-workshop/tag/Darkness,.com sitemap 2026-09-18,/blog,301,tag/category listing; no equivalent taxonomy on the new site,high,redirect
/living-workshop/tag/Dear+Henri,.com sitemap 2026-09-18,/blog,301,tag/category listing; no equivalent taxonomy on the new site,high,redirect
/living-workshop/tag/Decay,.com sitemap 2026-09-18,/blog,301,tag/category listing; no equivalent taxonomy on the new site,high,redirect
/living-workshop/tag/Decoding+the+Spirits,.com sitemap 2026-09-18,/blog,301,tag/category listing; no equivalent taxonomy on the new site,high,redirect
/living-workshop/tag/Detachment,.com sitemap 2026-09-18,/blog,301,tag/category listing; no equivalent taxonomy on the new site,high,redirect
/living-workshop/tag/Digital+Dysphoria,.com sitemap 2026-09-18,/blog,301,tag/category listing; no equivalent taxonomy on the new site,high,redirect
/living-workshop/tag/Divine+Mystery,.com sitemap 2026-09-18,/blog,301,tag/category listing; no equivalent taxonomy on the new site,high,redirect
/living-workshop/tag/Divine+Riddles,.com sitemap 2026-09-18,/blog,301,tag/category listing; no equivalent taxonomy on the new site,high,redirect
/living-workshop/tag/Do+Bother,.com sitemap 2026-09-18,/blog,301,tag/category listing; no equivalent taxonomy on the new site,high,redirect
/living-workshop/tag/Do+Something,.com sitemap 2026-09-18,/blog,301,tag/category listing; no equivalent taxonomy on the new site,high,redirect
/living-workshop/tag/Does...,.com sitemap 2026-09-18,/blog,301,tag/category listing; no equivalent taxonomy on the new site,high,redirect
/living-workshop/tag/Doing+Less,.com sitemap 2026-09-18,/blog,301,tag/category listing; no equivalent taxonomy on the new site,high,redirect
/living-workshop/tag/Don%27t+Buy+More+Clothes,.com sitemap 2026-09-18,/blog,301,tag/category listing; no equivalent taxonomy on the new site,high,redirect
/living-workshop/tag/Don%27t+Make+it+Worse,.com sitemap 2026-09-18,/blog,301,tag/category listing; no equivalent taxonomy on the new site,high,redirect
/living-workshop/tag/Donny+Football,.com sitemap 2026-09-18,/blog,301,tag/category listing; no equivalent taxonomy on the new site,high,redirect
/living-workshop/tag/Doorway,.com sitemap 2026-09-18,/blog,301,tag/category listing; no equivalent taxonomy on the new site,high,redirect
/living-workshop/tag/Down+to+the+River,.com sitemap 2026-09-18,/blog,301,tag/category listing; no equivalent taxonomy on the new site,high,redirect
/living-workshop/tag/Dream+Travelers,.com sitemap 2026-09-18,/blog,301,tag/category listing; no equivalent taxonomy on the new site,high,redirect
/living-workshop/tag/Drifting,.com sitemap 2026-09-18,/blog,301,tag/category listing; no equivalent taxonomy on the new site,high,redirect
/living-workshop/tag/Embodied+Love,.com sitemap 2026-09-18,/blog,301,tag/category listing; no equivalent taxonomy on the new site,high,redirect
/living-workshop/tag/Emptiness,.com sitemap 2026-09-18,/blog,301,tag/category listing; no equivalent taxonomy on the new site,high,redirect
/living-workshop/tag/Empty+Cupboards,.com sitemap 2026-09-18,/blog,301,tag/category listing; no equivalent taxonomy on the new site,high,redirect
/living-workshop/tag/Empty+Illusions,.com sitemap 2026-09-18,/blog,301,tag/category listing; no equivalent taxonomy on the new site,high,redirect
/living-workshop/tag/Emptying,.com sitemap 2026-09-18,/blog,301,tag/category listing; no equivalent taxonomy on the new site,high,redirect
/living-workshop/tag/Enjoy+the+Silence,.com sitemap 2026-09-18,/blog,301,tag/category listing; no equivalent taxonomy on the new site,high,redirect
/living-workshop/tag/Enlightenment,.com sitemap 2026-09-18,/blog,301,tag/category listing; no equivalent taxonomy on the new site,high,redirect
/living-workshop/tag/Essential+Truth+%231,.com sitemap 2026-09-18,/blog,301,tag/category listing; no equivalent taxonomy on the new site,high,redirect
/living-workshop/tag/Essential+Truth+%232,.com sitemap 2026-09-18,/blog,301,tag/category listing; no equivalent taxonomy on the new site,high,redirect
/living-workshop/tag/Essential+Truth+%233,.com sitemap 2026-09-18,/blog,301,tag/category listing; no equivalent taxonomy on the new site,high,redirect
/living-workshop/tag/Essential+Truth+%234,.com sitemap 2026-09-18,/blog,301,tag/category listing; no equivalent taxonomy on the new site,high,redirect
/living-workshop/tag/Essential+Truth+%235,.com sitemap 2026-09-18,/blog,301,tag/category listing; no equivalent taxonomy on the new site,high,redirect
/living-workshop/tag/Everyone,.com sitemap 2026-09-18,/blog,301,tag/category listing; no equivalent taxonomy on the new site,high,redirect
/living-workshop/tag/Exiles,.com sitemap 2026-09-18,/blog,301,tag/category listing; no equivalent taxonomy on the new site,high,redirect
/living-workshop/tag/Exposed,.com sitemap 2026-09-18,/blog,301,tag/category listing; no equivalent taxonomy on the new site,high,redirect
/living-workshop/tag/Eyes+of+God,.com sitemap 2026-09-18,/blog,301,tag/category listing; no equivalent taxonomy on the new site,high,redirect
/living-workshop/tag/Falling+Slowly,.com sitemap 2026-09-18,/blog,301,tag/category listing; no equivalent taxonomy on the new site,high,redirect
/living-workshop/tag/Falling+Water,.com sitemap 2026-09-18,/blog,301,tag/category listing; no equivalent taxonomy on the new site,high,redirect
/living-workshop/tag/Fast+Asleep,.com sitemap 2026-09-18,/blog,301,tag/category listing; no equivalent taxonomy on the new site,high,redirect
/living-workshop/tag/Favorite+Poem,.com sitemap 2026-09-18,/blog,301,tag/category listing; no equivalent taxonomy on the new site,high,redirect
/living-workshop/tag/Feel+the+Weight,.com sitemap 2026-09-18,/blog,301,tag/category listing; no equivalent taxonomy on the new site,high,redirect
/living-workshop/tag/Figuring+It+All+Out,.com sitemap 2026-09-18,/blog,301,tag/category listing; no equivalent taxonomy on the new site,high,redirect
/living-workshop/tag/Final+Notes,.com sitemap 2026-09-18,/blog,301,tag/category listing; no equivalent taxonomy on the new site,high,redirect
/living-workshop/tag/Finding+My+Ground,.com sitemap 2026-09-18,/blog,301,tag/category listing; no equivalent taxonomy on the new site,high,redirect
/living-workshop/tag/Fire+and+Ice,.com sitemap 2026-09-18,/blog,301,tag/category listing; no equivalent taxonomy on the new site,high,redirect
/living-workshop/tag/Firmly+Grounded,.com sitemap 2026-09-18,/blog,301,tag/category listing; no equivalent taxonomy on the new site,high,redirect
/living-workshop/tag/First+Death,.com sitemap 2026-09-18,/blog,301,tag/category listing; no equivalent taxonomy on the new site,high,redirect
/living-workshop/tag/Fix+Everything,.com sitemap 2026-09-18,/blog,301,tag/category listing; no equivalent taxonomy on the new site,high,redirect
/living-workshop/tag/Flowers+in+the+Winter,.com sitemap 2026-09-18,/blog,301,tag/category listing; no equivalent taxonomy on the new site,high,redirect
/living-workshop/tag/Fold+%27em,.com sitemap 2026-09-18,/blog,301,tag/category listing; no equivalent taxonomy on the new site,high,redirect
/living-workshop/tag/Follow+the+River,.com sitemap 2026-09-18,/blog,301,tag/category listing; no equivalent taxonomy on the new site,high,redirect
/living-workshop/tag/Foot+Rub,.com sitemap 2026-09-18,/blog,301,tag/category listing; no equivalent taxonomy on the new site,high,redirect
/living-workshop/tag/For+All+Those+Days,.com sitemap 2026-09-18,/blog,301,tag/category listing; no equivalent taxonomy on the new site,high,redirect
/living-workshop/tag/For+Chuck,.com sitemap 2026-09-18,/blog,301,tag/category listing; no equivalent taxonomy on the new site,high,redirect
/living-workshop/tag/For+Some+Reason,.com sitemap 2026-09-18,/blog,301,tag/category listing; no equivalent taxonomy on the new site,high,redirect
/living-workshop/tag/For+What+It%27s+Worth,.com sitemap 2026-09-18,/blog,301,tag/category listing; no equivalent taxonomy on the new site,high,redirect
/living-workshop/tag/Forever,.com sitemap 2026-09-18,/blog,301,tag/category listing; no equivalent taxonomy on the new site,high,redirect
/living-workshop/tag/Fourth+Anniversary,.com sitemap 2026-09-18,/blog,301,tag/category listing; no equivalent taxonomy on the new site,high,redirect
/living-workshop/tag/Freedom,.com sitemap 2026-09-18,/blog,301,tag/category listing; no equivalent taxonomy on the new site,high,redirect
/living-workshop/tag/From+the+Inside,.com sitemap 2026-09-18,/blog,301,tag/category listing; no equivalent taxonomy on the new site,high,redirect
/living-workshop/tag/Full+and+Empty,.com sitemap 2026-09-18,/blog,301,tag/category listing; no equivalent taxonomy on the new site,high,redirect
/living-workshop/tag/Fully+Alive,.com sitemap 2026-09-18,/blog,301,tag/category listing; no equivalent taxonomy on the new site,high,redirect
/living-workshop/tag/Get+Some+Rest,.com sitemap 2026-09-18,/blog,301,tag/category listing; no equivalent taxonomy on the new site,high,redirect
/living-workshop/tag/Getting+Past+the+Past,.com sitemap 2026-09-18,/blog,301,tag/category listing; no equivalent taxonomy on the new site,high,redirect
/living-workshop/tag/Giants,.com sitemap 2026-09-18,/blog,301,tag/category listing; no equivalent taxonomy on the new site,high,redirect
/living-workshop/tag/Gives+Way,.com sitemap 2026-09-18,/blog,301,tag/category listing; no equivalent taxonomy on the new site,high,redirect
/living-workshop/tag/Giving+Myself,.com sitemap 2026-09-18,/blog,301,tag/category listing; no equivalent taxonomy on the new site,high,redirect
/living-workshop/tag/Go+Ahead+-+Cry,.com sitemap 2026-09-18,/blog,301,tag/category listing; no equivalent taxonomy on the new site,high,redirect
/living-workshop/tag/Go+Beyond,.com sitemap 2026-09-18,/blog,301,tag/category listing; no equivalent taxonomy on the new site,high,redirect
/living-workshop/tag/Go+Deep,.com sitemap 2026-09-18,/blog,301,tag/category listing; no equivalent taxonomy on the new site,high,redirect
/living-workshop/tag/Go+Home+Early,.com sitemap 2026-09-18,/blog,301,tag/category listing; no equivalent taxonomy on the new site,high,redirect
/living-workshop/tag/Go+Out+Alone,.com sitemap 2026-09-18,/blog,301,tag/category listing; no equivalent taxonomy on the new site,high,redirect
/living-workshop/tag/Go+Out+at+Night,.com sitemap 2026-09-18,/blog,301,tag/category listing; no equivalent taxonomy on the new site,high,redirect
/living-workshop/tag/Go+out+and+Play,.com sitemap 2026-09-18,/blog,301,tag/category listing; no equivalent taxonomy on the new site,high,redirect
/living-workshop/tag/God%27s+Being,.com sitemap 2026-09-18,/blog,301,tag/category listing; no equivalent taxonomy on the new site,high,redirect
/living-workshop/tag/God+Knife,.com sitemap 2026-09-18,/blog,301,tag/category listing; no equivalent taxonomy on the new site,high,redirect
/living-workshop/tag/Gone+Native,.com sitemap 2026-09-18,/blog,301,tag/category listing; no equivalent taxonomy on the new site,high,redirect
/living-workshop/tag/Good+Fortune,.com sitemap 2026-09-18,/blog,301,tag/category listing; no equivalent taxonomy on the new site,high,redirect
/living-workshop/tag/Good+Grief,.com sitemap 2026-09-18,/blog,301,tag/category listing; no equivalent taxonomy on the new site,high,redirect
/living-workshop/tag/Good+Metaphor,.com sitemap 2026-09-18,/blog,301,tag/category listing; no equivalent taxonomy on the new site,high,redirect
/living-workshop/tag/Gothic+Love,.com sitemap 2026-09-18,/blog,301,tag/category listing; no equivalent taxonomy on the new site,high,redirect
/living-workshop/tag/Grace,.com sitemap 2026-09-18,/blog,301,tag/category listing; no equivalent taxonomy on the new site,high,redirect
/living-workshop/tag/Grandfather,.com sitemap 2026-09-18,/blog,301,tag/category listing; no equivalent taxonomy on the new site,high,redirect
/living-workshop/tag/Great+Conversations,.com sitemap 2026-09-18,/blog,301,tag/category listing; no equivalent taxonomy on the new site,high,redirect
/living-workshop/tag/Growing+Pains,.com sitemap 2026-09-18,/blog,301,tag/category listing; no equivalent taxonomy on the new site,high,redirect
/living-workshop/tag/Growing+Space,.com sitemap 2026-09-18,/blog,301,tag/category listing; no equivalent taxonomy on the new site,high,redirect
/living-workshop/tag/Guy+Fawkes,.com sitemap 2026-09-18,/blog,301,tag/category listing; no equivalent taxonomy on the new site,high,redirect
/living-workshop/tag/H.A.L.T.,.com sitemap 2026-09-18,/blog,301,tag/category listing; no equivalent taxonomy on the new site,high,redirect
/living-workshop/tag/Happy+Holidays,.com sitemap 2026-09-18,/blog,301,tag/category listing; no equivalent taxonomy on the new site,high,redirect
/living-workshop/tag/He+Can+Be+Taught,.com sitemap 2026-09-18,/blog,301,tag/category listing; no equivalent taxonomy on the new site,high,redirect
/living-workshop/tag/Headlong,.com sitemap 2026-09-18,/blog,301,tag/category listing; no equivalent taxonomy on the new site,high,redirect
/living-workshop/tag/Healing+Modalities,.com sitemap 2026-09-18,/blog,301,tag/category listing; no equivalent taxonomy on the new site,high,redirect
/living-workshop/tag/Heart+Spark,.com sitemap 2026-09-18,/blog,301,tag/category listing; no equivalent taxonomy on the new site,high,redirect
/living-workshop/tag/Heartbeat,.com sitemap 2026-09-18,/blog,301,tag/category listing; no equivalent taxonomy on the new site,high,redirect
/living-workshop/tag/Her+Stand,.com sitemap 2026-09-18,/blog,301,tag/category listing; no equivalent taxonomy on the new site,high,redirect
/living-workshop/tag/Here+All+Along,.com sitemap 2026-09-18,/blog,301,tag/category listing; no equivalent taxonomy on the new site,high,redirect
/living-workshop/tag/Here+With+Me,.com sitemap 2026-09-18,/blog,301,tag/category listing; no equivalent taxonomy on the new site,high,redirect
/living-workshop/tag/Here+and+Everywhere,.com sitemap 2026-09-18,/blog,301,tag/category listing; no equivalent taxonomy on the new site,high,redirect
/living-workshop/tag/Here+and+Now,.com sitemap 2026-09-18,/blog,301,tag/category listing; no equivalent taxonomy on the new site,high,redirect
/living-workshop/tag/Hesitating+Beauty,.com sitemap 2026-09-18,/blog,301,tag/category listing; no equivalent taxonomy on the new site,high,redirect
/living-workshop/tag/His+Mother,.com sitemap 2026-09-18,/blog,301,tag/category listing; no equivalent taxonomy on the new site,high,redirect
/living-workshop/tag/Home,.com sitemap 2026-09-18,/blog,301,tag/category listing; no equivalent taxonomy on the new site,high,redirect
/living-workshop/tag/Home+%232,.com sitemap 2026-09-18,/blog,301,tag/category listing; no equivalent taxonomy on the new site,high,redirect
/living-workshop/tag/How+I+Love,.com sitemap 2026-09-18,/blog,301,tag/category listing; no equivalent taxonomy on the new site,high,redirect
/living-workshop/tag/How+Silly,.com sitemap 2026-09-18,/blog,301,tag/category listing; no equivalent taxonomy on the new site,high,redirect
/living-workshop/tag/How+to+Forget,.com sitemap 2026-09-18,/blog,301,tag/category listing; no equivalent taxonomy on the new site,high,redirect
/living-workshop/tag/Hunted,.com sitemap 2026-09-18,/blog,301,tag/category listing; no equivalent taxonomy on the new site,high,redirect
/living-workshop/tag/I+Am+Overcome,.com sitemap 2026-09-18,/blog,301,tag/category listing; no equivalent taxonomy on the new site,high,redirect
/living-workshop/tag/I+Go+to+Meetings,.com sitemap 2026-09-18,/blog,301,tag/category listing; no equivalent taxonomy on the new site,high,redirect
/living-workshop/tag/I+Had+to+Divorce,.com sitemap 2026-09-18,/blog,301,tag/category listing; no equivalent taxonomy on the new site,high,redirect
/living-workshop/tag/I+Keep+on+Writing,.com sitemap 2026-09-18,/blog,301,tag/category listing; no equivalent taxonomy on the new site,high,redirect
/living-workshop/tag/I+Need+You,.com sitemap 2026-09-18,/blog,301,tag/category listing; no equivalent taxonomy on the new site,high,redirect
/living-workshop/tag/I+Need+Your+Help,.com sitemap 2026-09-18,/blog,301,tag/category listing; no equivalent taxonomy on the new site,high,redirect
/living-workshop/tag/I+See+the+Creek,.com sitemap 2026-09-18,/blog,301,tag/category listing; no equivalent taxonomy on the new site,high,redirect
/living-workshop/tag/I+Used+to+Know,.com sitemap 2026-09-18,/blog,301,tag/category listing; no equivalent taxonomy on the new site,high,redirect
/living-workshop/tag/Ice+Age+Truth,.com sitemap 2026-09-18,/blog,301,tag/category listing; no equivalent taxonomy on the new site,high,redirect
/living-workshop/tag/If+Ever...,.com sitemap 2026-09-18,/blog,301,tag/category listing; no equivalent taxonomy on the new site,high,redirect
/living-workshop/tag/If+You+Must,.com sitemap 2026-09-18,/blog,301,tag/category listing; no equivalent taxonomy on the new site,high,redirect
/living-workshop/tag/Immigrant+Song,.com sitemap 2026-09-18,/blog,301,tag/category listing; no equivalent taxonomy on the new site,high,redirect
/living-workshop/tag/Immortality,.com sitemap 2026-09-18,/blog,301,tag/category listing; no equivalent taxonomy on the new site,high,redirect
/living-workshop/tag/Imperfect+Lov%C9%99,.com sitemap 2026-09-18,/blog,301,tag/category listing; no equivalent taxonomy on the new site,high,redirect
/living-workshop/tag/Imperfection,.com sitemap 2026-09-18,/blog,301,tag/category listing; no equivalent taxonomy on the new site,high,redirect
/living-workshop/tag/In+Exile,.com sitemap 2026-09-18,/blog,301,tag/category listing; no equivalent taxonomy on the new site,high,redirect
/living-workshop/tag/In+Movement,.com sitemap 2026-09-18,/blog,301,tag/category listing; no equivalent taxonomy on the new site,high,redirect
/living-workshop/tag/In+This+Moment,.com sitemap 2026-09-18,/blog,301,tag/category listing; no equivalent taxonomy on the new site,high,redirect
/living-workshop/tag/In+the+Blue,.com sitemap 2026-09-18,/blog,301,tag/category listing; no equivalent taxonomy on the new site,high,redirect
/living-workshop/tag/In+the+Dirt,.com sitemap 2026-09-18,/blog,301,tag/category listing; no equivalent taxonomy on the new site,high,redirect
/living-workshop/tag/Inevitability,.com sitemap 2026-09-18,/blog,301,tag/category listing; no equivalent taxonomy on the new site,high,redirect
/living-workshop/tag/Infinite+Hope,.com sitemap 2026-09-18,/blog,301,tag/category listing; no equivalent taxonomy on the new site,high,redirect
/living-workshop/tag/Inner+Peace,.com sitemap 2026-09-18,/blog,301,tag/category listing; no equivalent taxonomy on the new site,high,redirect
/living-workshop/tag/Inside+the+Lines,.com sitemap 2026-09-18,/blog,301,tag/category listing; no equivalent taxonomy on the new site,high,redirect
/living-workshop/tag/Instrument+of+Love,.com sitemap 2026-09-18,/blog,301,tag/category listing; no equivalent taxonomy on the new site,high,redirect
/living-workshop/tag/Intimacy,.com sitemap 2026-09-18,/blog,301,tag/category listing; no equivalent taxonomy on the new site,high,redirect
/living-workshop/tag/Into+a+Stillness,.com sitemap 2026-09-18,/blog,301,tag/category listing; no equivalent taxonomy on the new site,high,redirect
/living-workshop/tag/Inundated,.com sitemap 2026-09-18,/blog,301,tag/category listing; no equivalent taxonomy on the new site,high,redirect
/living-workshop/tag/It%27s+Alright,.com sitemap 2026-09-18,/blog,301,tag/category listing; no equivalent taxonomy on the new site,high,redirect
/living-workshop/tag/It%27s+Not+Time,.com sitemap 2026-09-18,/blog,301,tag/category listing; no equivalent taxonomy on the new site,high,redirect
/living-workshop/tag/It%27s+in+the+Middles,.com sitemap 2026-09-18,/blog,301,tag/category listing; no equivalent taxonomy on the new site,high,redirect
/living-workshop/tag/It%27s+in+the+Stillness,.com sitemap 2026-09-18,/blog,301,tag/category listing; no equivalent taxonomy on the new site,high,redirect
/living-workshop/tag/It%27s+so+Easy,.com sitemap 2026-09-18,/blog,301,tag/category listing; no equivalent taxonomy on the new site,high,redirect
/living-workshop/tag/It%27s+time+for+a+change.,.com sitemap 2026-09-18,/blog,301,tag/category listing; no equivalent taxonomy on the new site,high,redirect
/living-workshop/tag/Joker,.com sitemap 2026-09-18,/blog,301,tag/category listing; no equivalent taxonomy on the new site,high,redirect
/living-workshop/tag/Jonah,.com sitemap 2026-09-18,/blog,301,tag/category listing; no equivalent taxonomy on the new site,high,redirect
/living-workshop/tag/Joy,.com sitemap 2026-09-18,/blog,301,tag/category listing; no equivalent taxonomy on the new site,high,redirect
/living-workshop/tag/Joy+of+Being,.com sitemap 2026-09-18,/blog,301,tag/category listing; no equivalent taxonomy on the new site,high,redirect
/living-workshop/tag/Jubilee,.com sitemap 2026-09-18,/blog,301,tag/category listing; no equivalent taxonomy on the new site,high,redirect
/living-workshop/tag/July,.com sitemap 2026-09-18,/blog,301,tag/category listing; no equivalent taxonomy on the new site,high,redirect
/living-workshop/tag/Just+Let+it+Happen,.com sitemap 2026-09-18,/blog,301,tag/category listing; no equivalent taxonomy on the new site,high,redirect
/living-workshop/tag/Just+a+Gambol,.com sitemap 2026-09-18,/blog,301,tag/category listing; no equivalent taxonomy on the new site,high,redirect
/living-workshop/tag/Keep+Digging,.com sitemap 2026-09-18,/blog,301,tag/category listing; no equivalent taxonomy on the new site,high,redirect
/living-workshop/tag/Keep+Your+Pennies,.com sitemap 2026-09-18,/blog,301,tag/category listing; no equivalent taxonomy on the new site,high,redirect
/living-workshop/tag/Keepin%27+It+Real,.com sitemap 2026-09-18,/blog,301,tag/category listing; no equivalent taxonomy on the new site,high,redirect
/living-workshop/tag/Keeping+Awake,.com sitemap 2026-09-18,/blog,301,tag/category listing; no equivalent taxonomy on the new site,high,redirect
/living-workshop/tag/Kerplunk%21,.com sitemap 2026-09-18,/blog,301,tag/category listing; no equivalent taxonomy on the new site,high,redirect
/living-workshop/tag/Lake+Erie,.com sitemap 2026-09-18,/blog,301,tag/category listing; no equivalent taxonomy on the new site,high,redirect
/living-workshop/tag/Last+Night,.com sitemap 2026-09-18,/blog,301,tag/category listing; no equivalent taxonomy on the new site,high,redirect
/living-workshop/tag/Laughter,.com sitemap 2026-09-18,/blog,301,tag/category listing; no equivalent taxonomy on the new site,high,redirect
/living-workshop/tag/Laws+of+Man,.com sitemap 2026-09-18,/blog,301,tag/category listing; no equivalent taxonomy on the new site,high,redirect
/living-workshop/tag/Learning+to+Fly,.com sitemap 2026-09-18,/blog,301,tag/category listing; no equivalent taxonomy on the new site,high,redirect
/living-workshop/tag/Let%27s+Move,.com sitemap 2026-09-18,/blog,301,tag/category listing; no equivalent taxonomy on the new site,high,redirect
/living-workshop/tag/Let%27s+Weep,.com sitemap 2026-09-18,/blog,301,tag/category listing; no equivalent taxonomy on the new site,high,redirect
/living-workshop/tag/Let+Stillness+Ask+the+Questions,.com sitemap 2026-09-18,/blog,301,tag/category listing; no equivalent taxonomy on the new site,high,redirect
/living-workshop/tag/Let+the+Music+Play,.com sitemap 2026-09-18,/blog,301,tag/category listing; no equivalent taxonomy on the new site,high,redirect
/living-workshop/tag/Life+Demands,.com sitemap 2026-09-18,/blog,301,tag/category listing; no equivalent taxonomy on the new site,high,redirect
/living-workshop/tag/Life+Is+Fine,.com sitemap 2026-09-18,/blog,301,tag/category listing; no equivalent taxonomy on the new site,high,redirect
/living-workshop/tag/Life+and+Death,.com sitemap 2026-09-18,/blog,301,tag/category listing; no equivalent taxonomy on the new site,high,redirect
/living-workshop/tag/Life+on+the+Road,.com sitemap 2026-09-18,/blog,301,tag/category listing; no equivalent taxonomy on the new site,high,redirect
/living-workshop/tag/Lighten+Your+Load,.com sitemap 2026-09-18,/blog,301,tag/category listing; no equivalent taxonomy on the new site,high,redirect
/living-workshop/tag/Lightness+of+Being,.com sitemap 2026-09-18,/blog,301,tag/category listing; no equivalent taxonomy on the new site,high,redirect
/living-workshop/tag/Like+a+Rock,.com sitemap 2026-09-18,/blog,301,tag/category listing; no equivalent taxonomy on the new site,high,redirect
/living-workshop/tag/Listen+from+the+Heart,.com sitemap 2026-09-18,/blog,301,tag/category listing; no equivalent taxonomy on the new site,high,redirect
/living-workshop/tag/Listening%3F,.com sitemap 2026-09-18,/blog,301,tag/category listing; no equivalent taxonomy on the new site,high,redirect
/living-workshop/tag/Little+Bitty+Me,.com sitemap 2026-09-18,/blog,301,tag/category listing; no equivalent taxonomy on the new site,high,redirect
/living-workshop/tag/Little+Me,.com sitemap 2026-09-18,/blog,301,tag/category listing; no equivalent taxonomy on the new site,high,redirect
/living-workshop/tag/Little+Spirits,.com sitemap 2026-09-18,/blog,301,tag/category listing; no equivalent taxonomy on the new site,high,redirect
/living-workshop/tag/Lodestone,.com sitemap 2026-09-18,/blog,301,tag/category listing; no equivalent taxonomy on the new site,high,redirect
/living-workshop/tag/Look+at+Me,.com sitemap 2026-09-18,/blog,301,tag/category listing; no equivalent taxonomy on the new site,high,redirect
/living-workshop/tag/Loopholes,.com sitemap 2026-09-18,/blog,301,tag/category listing; no equivalent taxonomy on the new site,high,redirect
/living-workshop/tag/Lost+in+Presidio,.com sitemap 2026-09-18,/blog,301,tag/category listing; no equivalent taxonomy on the new site,high,redirect
/living-workshop/tag/Lou,.com sitemap 2026-09-18,/blog,301,tag/category listing; no equivalent taxonomy on the new site,high,redirect
/living-workshop/tag/Love,.com sitemap 2026-09-18,/blog,301,tag/category listing; no equivalent taxonomy on the new site,high,redirect
/living-workshop/tag/Love%27s+Bounty,.com sitemap 2026-09-18,/blog,301,tag/category listing; no equivalent taxonomy on the new site,high,redirect
/living-workshop/tag/Love+Changes,.com sitemap 2026-09-18,/blog,301,tag/category listing; no equivalent taxonomy on the new site,high,redirect
/living-workshop/tag/Love+Is,.com sitemap 2026-09-18,/blog,301,tag/category listing; no equivalent taxonomy on the new site,high,redirect
/living-workshop/tag/Love+Is+Right+Here,.com sitemap 2026-09-18,/blog,301,tag/category listing; no equivalent taxonomy on the new site,high,redirect
/living-workshop/tag/Lucky,.com sitemap 2026-09-18,/blog,301,tag/category listing; no equivalent taxonomy on the new site,high,redirect
/living-workshop/tag/Lunch+with+an+Old+Friend,.com sitemap 2026-09-18,/blog,301,tag/category listing; no equivalent taxonomy on the new site,high,redirect
/living-workshop/tag/MMOB,.com sitemap 2026-09-18,/blog,301,tag/category listing; no equivalent taxonomy on the new site,high,redirect
/living-workshop/tag/Manhood,.com sitemap 2026-09-18,/blog,301,tag/category listing; no equivalent taxonomy on the new site,high,redirect
/living-workshop/tag/March+Arrives,.com sitemap 2026-09-18,/blog,301,tag/category listing; no equivalent taxonomy on the new site,high,redirect
/living-workshop/tag/Maturing,.com sitemap 2026-09-18,/blog,301,tag/category listing; no equivalent taxonomy on the new site,high,redirect
/living-workshop/tag/Maybe,.com sitemap 2026-09-18,/blog,301,tag/category listing; no equivalent taxonomy on the new site,high,redirect
/living-workshop/tag/Maybe+So,.com sitemap 2026-09-18,/blog,301,tag/category listing; no equivalent taxonomy on the new site,high,redirect
/living-workshop/tag/Memories,.com sitemap 2026-09-18,/blog,301,tag/category listing; no equivalent taxonomy on the new site,high,redirect
/living-workshop/tag/Men+and+Grief,.com sitemap 2026-09-18,/blog,301,tag/category listing; no equivalent taxonomy on the new site,high,redirect
/living-workshop/tag/Men+and+Grief+%282%29,.com sitemap 2026-09-18,/blog,301,tag/category listing; no equivalent taxonomy on the new site,high,redirect
/living-workshop/tag/Mine+Alone,.com sitemap 2026-09-18,/blog,301,tag/category listing; no equivalent taxonomy on the new site,high,redirect
/living-workshop/tag/Money+Confusion,.com sitemap 2026-09-18,/blog,301,tag/category listing; no equivalent taxonomy on the new site,high,redirect
/living-workshop/tag/Moon+Hanging,.com sitemap 2026-09-18,/blog,301,tag/category listing; no equivalent taxonomy on the new site,high,redirect
/living-workshop/tag/Morning+Bell,.com sitemap 2026-09-18,/blog,301,tag/category listing; no equivalent taxonomy on the new site,high,redirect
/living-workshop/tag/Morning+Prayer,.com sitemap 2026-09-18,/blog,301,tag/category listing; no equivalent taxonomy on the new site,high,redirect
/living-workshop/tag/Moving+Day,.com sitemap 2026-09-18,/blog,301,tag/category listing; no equivalent taxonomy on the new site,high,redirect
/living-workshop/tag/Musical+Chairs,.com sitemap 2026-09-18,/blog,301,tag/category listing; no equivalent taxonomy on the new site,high,redirect
/living-workshop/tag/My+Body,.com sitemap 2026-09-18,/blog,301,tag/category listing; no equivalent taxonomy on the new site,high,redirect
/living-workshop/tag/My+Breath,.com sitemap 2026-09-18,/blog,301,tag/category listing; no equivalent taxonomy on the new site,high,redirect
/living-workshop/tag/My+Fast,.com sitemap 2026-09-18,/blog,301,tag/category listing; no equivalent taxonomy on the new site,high,redirect
/living-workshop/tag/My+Favorite+Colors,.com sitemap 2026-09-18,/blog,301,tag/category listing; no equivalent taxonomy on the new site,high,redirect
/living-workshop/tag/My+First+Poem,.com sitemap 2026-09-18,/blog,301,tag/category listing; no equivalent taxonomy on the new site,high,redirect
/living-workshop/tag/My+Grief,.com sitemap 2026-09-18,/blog,301,tag/category listing; no equivalent taxonomy on the new site,high,redirect
/living-workshop/tag/My+Heart+at+Peace,.com sitemap 2026-09-18,/blog,301,tag/category listing; no equivalent taxonomy on the new site,high,redirect
/living-workshop/tag/My+Humanity,.com sitemap 2026-09-18,/blog,301,tag/category listing; no equivalent taxonomy on the new site,high,redirect
/living-workshop/tag/My+Laundry+List,.com sitemap 2026-09-18,/blog,301,tag/category listing; no equivalent taxonomy on the new site,high,redirect
/living-workshop/tag/My+Own+Worst+Enemy,.com sitemap 2026-09-18,/blog,301,tag/category listing; no equivalent taxonomy on the new site,high,redirect
/living-workshop/tag/My+Patient+Companion,.com sitemap 2026-09-18,/blog,301,tag/category listing; no equivalent taxonomy on the new site,high,redirect
/living-workshop/tag/My+Plans,.com sitemap 2026-09-18,/blog,301,tag/category listing; no equivalent taxonomy on the new site,high,redirect
/living-workshop/tag/My+Routine,.com sitemap 2026-09-18,/blog,301,tag/category listing; no equivalent taxonomy on the new site,high,redirect
/living-workshop/tag/My+Screens,.com sitemap 2026-09-18,/blog,301,tag/category listing; no equivalent taxonomy on the new site,high,redirect
/living-workshop/tag/My+Shadow,.com sitemap 2026-09-18,/blog,301,tag/category listing; no equivalent taxonomy on the new site,high,redirect
/living-workshop/tag/My+Soul+Lifts,.com sitemap 2026-09-18,/blog,301,tag/category listing; no equivalent taxonomy on the new site,high,redirect
/living-workshop/tag/My+Soul+is+Serene,.com sitemap 2026-09-18,/blog,301,tag/category listing; no equivalent taxonomy on the new site,high,redirect
/living-workshop/tag/Nature,.com sitemap 2026-09-18,/blog,301,tag/category listing; no equivalent taxonomy on the new site,high,redirect
/living-workshop/tag/New+Awareness,.com sitemap 2026-09-18,/blog,301,tag/category listing; no equivalent taxonomy on the new site,high,redirect
/living-workshop/tag/New+Flesh+Grows,.com sitemap 2026-09-18,/blog,301,tag/category listing; no equivalent taxonomy on the new site,high,redirect
/living-workshop/tag/New+Meaning,.com sitemap 2026-09-18,/blog,301,tag/category listing; no equivalent taxonomy on the new site,high,redirect
/living-workshop/tag/Newton%27s+Cradle,.com sitemap 2026-09-18,/blog,301,tag/category listing; no equivalent taxonomy on the new site,high,redirect
/living-workshop/tag/Nightcall,.com sitemap 2026-09-18,/blog,301,tag/category listing; no equivalent taxonomy on the new site,high,redirect
/living-workshop/tag/Nighttime,.com sitemap 2026-09-18,/blog,301,tag/category listing; no equivalent taxonomy on the new site,high,redirect
/living-workshop/tag/No+Further+Than+My+Nose,.com sitemap 2026-09-18,/blog,301,tag/category listing; no equivalent taxonomy on the new site,high,redirect
/living-workshop/tag/No+Judgment,.com sitemap 2026-09-18,/blog,301,tag/category listing; no equivalent taxonomy on the new site,high,redirect
/living-workshop/tag/No+Middle,.com sitemap 2026-09-18,/blog,301,tag/category listing; no equivalent taxonomy on the new site,high,redirect
/living-workshop/tag/No+Reason,.com sitemap 2026-09-18,/blog,301,tag/category listing; no equivalent taxonomy on the new site,high,redirect
/living-workshop/tag/No+Shows,.com sitemap 2026-09-18,/blog,301,tag/category listing; no equivalent taxonomy on the new site,high,redirect
/living-workshop/tag/No+Signal,.com sitemap 2026-09-18,/blog,301,tag/category listing; no equivalent taxonomy on the new site,high,redirect
/living-workshop/tag/Nostalgia,.com sitemap 2026-09-18,/blog,301,tag/category listing; no equivalent taxonomy on the new site,high,redirect
/living-workshop/tag/Not+Here,.com sitemap 2026-09-18,/blog,301,tag/category listing; no equivalent taxonomy on the new site,high,redirect
/living-workshop/tag/Not+Voting,.com sitemap 2026-09-18,/blog,301,tag/category listing; no equivalent taxonomy on the new site,high,redirect
/living-workshop/tag/Nothing+Beyond+Living,.com sitemap 2026-09-18,/blog,301,tag/category listing; no equivalent taxonomy on the new site,high,redirect
/living-workshop/tag/Nothing+I+Must+Do,.com sitemap 2026-09-18,/blog,301,tag/category listing; no equivalent taxonomy on the new site,high,redirect
/living-workshop/tag/Now+I+Know,.com sitemap 2026-09-18,/blog,301,tag/category listing; no equivalent taxonomy on the new site,high,redirect
/living-workshop/tag/Numb,.com sitemap 2026-09-18,/blog,301,tag/category listing; no equivalent taxonomy on the new site,high,redirect
/living-workshop/tag/Obligation,.com sitemap 2026-09-18,/blog,301,tag/category listing; no equivalent taxonomy on the new site,high,redirect
/living-workshop/tag/Oblivion,.com sitemap 2026-09-18,/blog,301,tag/category listing; no equivalent taxonomy on the new site,high,redirect
/living-workshop/tag/Obscured+Beauty,.com sitemap 2026-09-18,/blog,301,tag/category listing; no equivalent taxonomy on the new site,high,redirect
/living-workshop/tag/Off-center,.com sitemap 2026-09-18,/blog,301,tag/category listing; no equivalent taxonomy on the new site,high,redirect
/living-workshop/tag/Oh+-+Grow+Up%21,.com sitemap 2026-09-18,/blog,301,tag/category listing; no equivalent taxonomy on the new site,high,redirect
/living-workshop/tag/Oh+My+Heart,.com sitemap 2026-09-18,/blog,301,tag/category listing; no equivalent taxonomy on the new site,high,redirect
/living-workshop/tag/Oh+So+Serious,.com sitemap 2026-09-18,/blog,301,tag/category listing; no equivalent taxonomy on the new site,high,redirect
/living-workshop/tag/Once+We+Get+There,.com sitemap 2026-09-18,/blog,301,tag/category listing; no equivalent taxonomy on the new site,high,redirect
/living-workshop/tag/Once+You+See,.com sitemap 2026-09-18,/blog,301,tag/category listing; no equivalent taxonomy on the new site,high,redirect
/living-workshop/tag/One+Atom+at+a+Time,.com sitemap 2026-09-18,/blog,301,tag/category listing; no equivalent taxonomy on the new site,high,redirect
/living-workshop/tag/One+Life,.com sitemap 2026-09-18,/blog,301,tag/category listing; no equivalent taxonomy on the new site,high,redirect
/living-workshop/tag/One+Thousand,.com sitemap 2026-09-18,/blog,301,tag/category listing; no equivalent taxonomy on the new site,high,redirect
/living-workshop/tag/One+Transcendence,.com sitemap 2026-09-18,/blog,301,tag/category listing; no equivalent taxonomy on the new site,high,redirect
/living-workshop/tag/One+in+the+Same,.com sitemap 2026-09-18,/blog,301,tag/category listing; no equivalent taxonomy on the new site,high,redirect
/living-workshop/tag/One+of+Those+Days,.com sitemap 2026-09-18,/blog,301,tag/category listing; no equivalent taxonomy on the new site,high,redirect
/living-workshop/tag/Onions,.com sitemap 2026-09-18,/blog,301,tag/category listing; no equivalent taxonomy on the new site,high,redirect
/living-workshop/tag/Only+My+Soul+%28The+Way+is+Love%29,.com sitemap 2026-09-18,/blog,301,tag/category listing; no equivalent taxonomy on the new site,high,redirect
/living-workshop/tag/Only+Rest,.com sitemap 2026-09-18,/blog,301,tag/category listing; no equivalent taxonomy on the new site,high,redirect
/living-workshop/tag/Open,.com sitemap 2026-09-18,/blog,301,tag/category listing; no equivalent taxonomy on the new site,high,redirect
/living-workshop/tag/Open+Mouth,.com sitemap 2026-09-18,/blog,301,tag/category listing; no equivalent taxonomy on the new site,high,redirect
/living-workshop/tag/Optimism,.com sitemap 2026-09-18,/blog,301,tag/category listing; no equivalent taxonomy on the new site,high,redirect
/living-workshop/tag/Ordinary+People,.com sitemap 2026-09-18,/blog,301,tag/category listing; no equivalent taxonomy on the new site,high,redirect
/living-workshop/tag/Other+People%27s+Feelings,.com sitemap 2026-09-18,/blog,301,tag/category listing; no equivalent taxonomy on the new site,high,redirect
/living-workshop/tag/Our+Cells,.com sitemap 2026-09-18,/blog,301,tag/category listing; no equivalent taxonomy on the new site,high,redirect
/living-workshop/tag/Our+Evolution,.com sitemap 2026-09-18,/blog,301,tag/category listing; no equivalent taxonomy on the new site,high,redirect
/living-workshop/tag/Our+Feelings,.com sitemap 2026-09-18,/blog,301,tag/category listing; no equivalent taxonomy on the new site,high,redirect
/living-workshop/tag/Out+of+Darkness,.com sitemap 2026-09-18,/blog,301,tag/category listing; no equivalent taxonomy on the new site,high,redirect
/living-workshop/tag/Out+of+Order,.com sitemap 2026-09-18,/blog,301,tag/category listing; no equivalent taxonomy on the new site,high,redirect
/living-workshop/tag/Over+and+Again,.com sitemap 2026-09-18,/blog,301,tag/category listing; no equivalent taxonomy on the new site,high,redirect
/living-workshop/tag/Overcome,.com sitemap 2026-09-18,/blog,301,tag/category listing; no equivalent taxonomy on the new site,high,redirect
/living-workshop/tag/Pandemic,.com sitemap 2026-09-18,/blog,301,tag/category listing; no equivalent taxonomy on the new site,high,redirect
/living-workshop/tag/Pangaea,.com sitemap 2026-09-18,/blog,301,tag/category listing; no equivalent taxonomy on the new site,high,redirect
/living-workshop/tag/Passion,.com sitemap 2026-09-18,/blog,301,tag/category listing; no equivalent taxonomy on the new site,high,redirect
/living-workshop/tag/Peace+Now,.com sitemap 2026-09-18,/blog,301,tag/category listing; no equivalent taxonomy on the new site,high,redirect
/living-workshop/tag/Peace+Pilgrim,.com sitemap 2026-09-18,/blog,301,tag/category listing; no equivalent taxonomy on the new site,high,redirect
/living-workshop/tag/Peace+Within,.com sitemap 2026-09-18,/blog,301,tag/category listing; no equivalent taxonomy on the new site,high,redirect
/living-workshop/tag/Peace+of+Mind,.com sitemap 2026-09-18,/blog,301,tag/category listing; no equivalent taxonomy on the new site,high,redirect
/living-workshop/tag/People+Come+and+Go,.com sitemap 2026-09-18,/blog,301,tag/category listing; no equivalent taxonomy on the new site,high,redirect
/living-workshop/tag/Perfection,.com sitemap 2026-09-18,/blog,301,tag/category listing; no equivalent taxonomy on the new site,high,redirect
/living-workshop/tag/Perhaps,.com sitemap 2026-09-18,/blog,301,tag/category listing; no equivalent taxonomy on the new site,high,redirect
/living-workshop/tag/Pitter-Patter,.com sitemap 2026-09-18,/blog,301,tag/category listing; no equivalent taxonomy on the new site,high,redirect
/living-workshop/tag/Plainspoken+Poet,.com sitemap 2026-09-18,/blog,301,tag/category listing; no equivalent taxonomy on the new site,high,redirect
/living-workshop/tag/Plant+Me,.com sitemap 2026-09-18,/blog,301,tag/category listing; no equivalent taxonomy on the new site,high,redirect
/living-workshop/tag/Poetic+Justice,.com sitemap 2026-09-18,/blog,301,tag/category listing; no equivalent taxonomy on the new site,high,redirect
/living-workshop/tag/Poetry,.com sitemap 2026-09-18,/blog,301,tag/category listing; no equivalent taxonomy on the new site,high,redirect
/living-workshop/tag/Politics,.com sitemap 2026-09-18,/blog,301,tag/category listing; no equivalent taxonomy on the new site,high,redirect
/living-workshop/tag/Pour,.com sitemap 2026-09-18,/blog,301,tag/category listing; no equivalent taxonomy on the new site,high,redirect
/living-workshop/tag/Pray+Constantly,.com sitemap 2026-09-18,/blog,301,tag/category listing; no equivalent taxonomy on the new site,high,redirect
/living-workshop/tag/Pray+Tell+Me,.com sitemap 2026-09-18,/blog,301,tag/category listing; no equivalent taxonomy on the new site,high,redirect
/living-workshop/tag/Prayers,.com sitemap 2026-09-18,/blog,301,tag/category listing; no equivalent taxonomy on the new site,high,redirect
/living-workshop/tag/Preacher+Man,.com sitemap 2026-09-18,/blog,301,tag/category listing; no equivalent taxonomy on the new site,high,redirect
/living-workshop/tag/Presbyopia,.com sitemap 2026-09-18,/blog,301,tag/category listing; no equivalent taxonomy on the new site,high,redirect
/living-workshop/tag/Prey,.com sitemap 2026-09-18,/blog,301,tag/category listing; no equivalent taxonomy on the new site,high,redirect
/living-workshop/tag/Prickly+People,.com sitemap 2026-09-18,/blog,301,tag/category listing; no equivalent taxonomy on the new site,high,redirect
/living-workshop/tag/Primal+Clarity,.com sitemap 2026-09-18,/blog,301,tag/category listing; no equivalent taxonomy on the new site,high,redirect
/living-workshop/tag/Project+Happy+Days,.com sitemap 2026-09-18,/blog,301,tag/category listing; no equivalent taxonomy on the new site,high,redirect
/living-workshop/tag/Pull+the+Plug,.com sitemap 2026-09-18,/blog,301,tag/category listing; no equivalent taxonomy on the new site,high,redirect
/living-workshop/tag/Pure+Comedy,.com sitemap 2026-09-18,/blog,301,tag/category listing; no equivalent taxonomy on the new site,high,redirect
/living-workshop/tag/Pure+Fury,.com sitemap 2026-09-18,/blog,301,tag/category listing; no equivalent taxonomy on the new site,high,redirect
/living-workshop/tag/Putting+It+All+Together,.com sitemap 2026-09-18,/blog,301,tag/category listing; no equivalent taxonomy on the new site,high,redirect
/living-workshop/tag/Quantum+Mechanics,.com sitemap 2026-09-18,/blog,301,tag/category listing; no equivalent taxonomy on the new site,high,redirect
/living-workshop/tag/Quiet+Explosions,.com sitemap 2026-09-18,/blog,301,tag/category listing; no equivalent taxonomy on the new site,high,redirect
/living-workshop/tag/Read+Poetry,.com sitemap 2026-09-18,/blog,301,tag/category listing; no equivalent taxonomy on the new site,high,redirect
/living-workshop/tag/Recklessness,.com sitemap 2026-09-18,/blog,301,tag/category listing; no equivalent taxonomy on the new site,high,redirect
/living-workshop/tag/Reclamation,.com sitemap 2026-09-18,/blog,301,tag/category listing; no equivalent taxonomy on the new site,high,redirect
/living-workshop/tag/Redemption,.com sitemap 2026-09-18,/blog,301,tag/category listing; no equivalent taxonomy on the new site,high,redirect
/living-workshop/tag/Relax,.com sitemap 2026-09-18,/blog,301,tag/category listing; no equivalent taxonomy on the new site,high,redirect
/living-workshop/tag/Releasing,.com sitemap 2026-09-18,/blog,301,tag/category listing; no equivalent taxonomy on the new site,high,redirect
/living-workshop/tag/Remembering,.com sitemap 2026-09-18,/blog,301,tag/category listing; no equivalent taxonomy on the new site,high,redirect
/living-workshop/tag/Reorder,.com sitemap 2026-09-18,/blog,301,tag/category listing; no equivalent taxonomy on the new site,high,redirect
/living-workshop/tag/Reservoir+Man,.com sitemap 2026-09-18,/blog,301,tag/category listing; no equivalent taxonomy on the new site,high,redirect
/living-workshop/tag/Responsibility,.com sitemap 2026-09-18,/blog,301,tag/category listing; no equivalent taxonomy on the new site,high,redirect
/living-workshop/tag/Rest+Assured,.com sitemap 2026-09-18,/blog,301,tag/category listing; no equivalent taxonomy on the new site,high,redirect
/living-workshop/tag/Reverence+Falls,.com sitemap 2026-09-18,/blog,301,tag/category listing; no equivalent taxonomy on the new site,high,redirect
/living-workshop/tag/Revisiting+the+Flow,.com sitemap 2026-09-18,/blog,301,tag/category listing; no equivalent taxonomy on the new site,high,redirect
/living-workshop/tag/Right+Here,.com sitemap 2026-09-18,/blog,301,tag/category listing; no equivalent taxonomy on the new site,high,redirect
/living-workshop/tag/Right+Now,.com sitemap 2026-09-18,/blog,301,tag/category listing; no equivalent taxonomy on the new site,high,redirect
/living-workshop/tag/River+Return,.com sitemap 2026-09-18,/blog,301,tag/category listing; no equivalent taxonomy on the new site,high,redirect
/living-workshop/tag/River+Wisdom,.com sitemap 2026-09-18,/blog,301,tag/category listing; no equivalent taxonomy on the new site,high,redirect
/living-workshop/tag/Roads,.com sitemap 2026-09-18,/blog,301,tag/category listing; no equivalent taxonomy on the new site,high,redirect
/living-workshop/tag/Rock,.com sitemap 2026-09-18,/blog,301,tag/category listing; no equivalent taxonomy on the new site,high,redirect
/living-workshop/tag/Rock+in+My+Shoe,.com sitemap 2026-09-18,/blog,301,tag/category listing; no equivalent taxonomy on the new site,high,redirect
/living-workshop/tag/Sacred+Heart,.com sitemap 2026-09-18,/blog,301,tag/category listing; no equivalent taxonomy on the new site,high,redirect
/living-workshop/tag/Sacred+Reasons,.com sitemap 2026-09-18,/blog,301,tag/category listing; no equivalent taxonomy on the new site,high,redirect
/living-workshop/tag/Sacred+Seeds,.com sitemap 2026-09-18,/blog,301,tag/category listing; no equivalent taxonomy on the new site,high,redirect
/living-workshop/tag/Sacred+Space,.com sitemap 2026-09-18,/blog,301,tag/category listing; no equivalent taxonomy on the new site,high,redirect
/living-workshop/tag/Sacred+Thresholds,.com sitemap 2026-09-18,/blog,301,tag/category listing; no equivalent taxonomy on the new site,high,redirect
/living-workshop/tag/Salt+Water,.com sitemap 2026-09-18,/blog,301,tag/category listing; no equivalent taxonomy on the new site,high,redirect
/living-workshop/tag/Same+Questions,.com sitemap 2026-09-18,/blog,301,tag/category listing; no equivalent taxonomy on the new site,high,redirect
/living-workshop/tag/Sanctuary,.com sitemap 2026-09-18,/blog,301,tag/category listing; no equivalent taxonomy on the new site,high,redirect
/living-workshop/tag/Sanity,.com sitemap 2026-09-18,/blog,301,tag/category listing; no equivalent taxonomy on the new site,high,redirect
/living-workshop/tag/Save+Me,.com sitemap 2026-09-18,/blog,301,tag/category listing; no equivalent taxonomy on the new site,high,redirect
/living-workshop/tag/Say+It+Better,.com sitemap 2026-09-18,/blog,301,tag/category listing; no equivalent taxonomy on the new site,high,redirect
/living-workshop/tag/Sea+of+Tranquility,.com sitemap 2026-09-18,/blog,301,tag/category listing; no equivalent taxonomy on the new site,high,redirect
/living-workshop/tag/Second+Spring,.com sitemap 2026-09-18,/blog,301,tag/category listing; no equivalent taxonomy on the new site,high,redirect
/living-workshop/tag/See+This+World,.com sitemap 2026-09-18,/blog,301,tag/category listing; no equivalent taxonomy on the new site,high,redirect
/living-workshop/tag/Self+Storage,.com sitemap 2026-09-18,/blog,301,tag/category listing; no equivalent taxonomy on the new site,high,redirect
/living-workshop/tag/Serenity+Salesmen,.com sitemap 2026-09-18,/blog,301,tag/category listing; no equivalent taxonomy on the new site,high,redirect
/living-workshop/tag/Set+Yourself+Free,.com sitemap 2026-09-18,/blog,301,tag/category listing; no equivalent taxonomy on the new site,high,redirect
/living-workshop/tag/Shadow+Boxing,.com sitemap 2026-09-18,/blog,301,tag/category listing; no equivalent taxonomy on the new site,high,redirect
/living-workshop/tag/Shadow+World,.com sitemap 2026-09-18,/blog,301,tag/category listing; no equivalent taxonomy on the new site,high,redirect
/living-workshop/tag/Sharing,.com sitemap 2026-09-18,/blog,301,tag/category listing; no equivalent taxonomy on the new site,high,redirect
/living-workshop/tag/She,.com sitemap 2026-09-18,/blog,301,tag/category listing; no equivalent taxonomy on the new site,high,redirect
/living-workshop/tag/Shelter,.com sitemap 2026-09-18,/blog,301,tag/category listing; no equivalent taxonomy on the new site,high,redirect
/living-workshop/tag/Shock+Doctrine,.com sitemap 2026-09-18,/blog,301,tag/category listing; no equivalent taxonomy on the new site,high,redirect
/living-workshop/tag/Should+I+Be+Worried%3F,.com sitemap 2026-09-18,/blog,301,tag/category listing; no equivalent taxonomy on the new site,high,redirect
/living-workshop/tag/Show+Up,.com sitemap 2026-09-18,/blog,301,tag/category listing; no equivalent taxonomy on the new site,high,redirect
/living-workshop/tag/Silencio,.com sitemap 2026-09-18,/blog,301,tag/category listing; no equivalent taxonomy on the new site,high,redirect
/living-workshop/tag/Simple+Gifts,.com sitemap 2026-09-18,/blog,301,tag/category listing; no equivalent taxonomy on the new site,high,redirect
/living-workshop/tag/Simple+Man,.com sitemap 2026-09-18,/blog,301,tag/category listing; no equivalent taxonomy on the new site,high,redirect
/living-workshop/tag/Sing,.com sitemap 2026-09-18,/blog,301,tag/category listing; no equivalent taxonomy on the new site,high,redirect
/living-workshop/tag/Sing+Along,.com sitemap 2026-09-18,/blog,301,tag/category listing; no equivalent taxonomy on the new site,high,redirect
/living-workshop/tag/Sinusitis,.com sitemap 2026-09-18,/blog,301,tag/category listing; no equivalent taxonomy on the new site,high,redirect
/living-workshop/tag/Slow+Dancing,.com sitemap 2026-09-18,/blog,301,tag/category listing; no equivalent taxonomy on the new site,high,redirect
/living-workshop/tag/Slow+Shutter+Camera,.com sitemap 2026-09-18,/blog,301,tag/category listing; no equivalent taxonomy on the new site,high,redirect
/living-workshop/tag/So+Goes+the+Night,.com sitemap 2026-09-18,/blog,301,tag/category listing; no equivalent taxonomy on the new site,high,redirect
/living-workshop/tag/So+Simple,.com sitemap 2026-09-18,/blog,301,tag/category listing; no equivalent taxonomy on the new site,high,redirect
/living-workshop/tag/Sobriety,.com sitemap 2026-09-18,/blog,301,tag/category listing; no equivalent taxonomy on the new site,high,redirect
/living-workshop/tag/Socialism,.com sitemap 2026-09-18,/blog,301,tag/category listing; no equivalent taxonomy on the new site,high,redirect
/living-workshop/tag/Some+Reason,.com sitemap 2026-09-18,/blog,301,tag/category listing; no equivalent taxonomy on the new site,high,redirect
/living-workshop/tag/Somewheres+%26+Anywheres,.com sitemap 2026-09-18,/blog,301,tag/category listing; no equivalent taxonomy on the new site,high,redirect
/living-workshop/tag/Songbirds,.com sitemap 2026-09-18,/blog,301,tag/category listing; no equivalent taxonomy on the new site,high,redirect
/living-workshop/tag/Soul+Beneath,.com sitemap 2026-09-18,/blog,301,tag/category listing; no equivalent taxonomy on the new site,high,redirect
/living-workshop/tag/Soul+Food,.com sitemap 2026-09-18,/blog,301,tag/category listing; no equivalent taxonomy on the new site,high,redirect
/living-workshop/tag/Soul+Healing,.com sitemap 2026-09-18,/blog,301,tag/category listing; no equivalent taxonomy on the new site,high,redirect
/living-workshop/tag/Soul+Parole,.com sitemap 2026-09-18,/blog,301,tag/category listing; no equivalent taxonomy on the new site,high,redirect
/living-workshop/tag/Soul+Talk,.com sitemap 2026-09-18,/blog,301,tag/category listing; no equivalent taxonomy on the new site,high,redirect
/living-workshop/tag/Soulful+Pilgrim,.com sitemap 2026-09-18,/blog,301,tag/category listing; no equivalent taxonomy on the new site,high,redirect
/living-workshop/tag/Source+to+Mouth,.com sitemap 2026-09-18,/blog,301,tag/category listing; no equivalent taxonomy on the new site,high,redirect
/living-workshop/tag/Speak+from+the+Heart,.com sitemap 2026-09-18,/blog,301,tag/category listing; no equivalent taxonomy on the new site,high,redirect
/living-workshop/tag/Spindrift,.com sitemap 2026-09-18,/blog,301,tag/category listing; no equivalent taxonomy on the new site,high,redirect
/living-workshop/tag/Stars+Are+the+Light,.com sitemap 2026-09-18,/blog,301,tag/category listing; no equivalent taxonomy on the new site,high,redirect
/living-workshop/tag/Start+Listening,.com sitemap 2026-09-18,/blog,301,tag/category listing; no equivalent taxonomy on the new site,high,redirect
/living-workshop/tag/Stolen+Voice,.com sitemap 2026-09-18,/blog,301,tag/category listing; no equivalent taxonomy on the new site,high,redirect
/living-workshop/tag/Stress,.com sitemap 2026-09-18,/blog,301,tag/category listing; no equivalent taxonomy on the new site,high,redirect
/living-workshop/tag/Suffering,.com sitemap 2026-09-18,/blog,301,tag/category listing; no equivalent taxonomy on the new site,high,redirect
/living-workshop/tag/Surprising,.com sitemap 2026-09-18,/blog,301,tag/category listing; no equivalent taxonomy on the new site,high,redirect
/living-workshop/tag/Sweet+Water,.com sitemap 2026-09-18,/blog,301,tag/category listing; no equivalent taxonomy on the new site,high,redirect
/living-workshop/tag/Take+That+Leap,.com sitemap 2026-09-18,/blog,301,tag/category listing; no equivalent taxonomy on the new site,high,redirect
/living-workshop/tag/Take+Your+Vacation,.com sitemap 2026-09-18,/blog,301,tag/category listing; no equivalent taxonomy on the new site,high,redirect
/living-workshop/tag/Tapestry,.com sitemap 2026-09-18,/blog,301,tag/category listing; no equivalent taxonomy on the new site,high,redirect
/living-workshop/tag/Tell+Me,.com sitemap 2026-09-18,/blog,301,tag/category listing; no equivalent taxonomy on the new site,high,redirect
/living-workshop/tag/Tell+Me+Who%3F,.com sitemap 2026-09-18,/blog,301,tag/category listing; no equivalent taxonomy on the new site,high,redirect
/living-workshop/tag/Tempting+Fate,.com sitemap 2026-09-18,/blog,301,tag/category listing; no equivalent taxonomy on the new site,high,redirect
/living-workshop/tag/Tenderness,.com sitemap 2026-09-18,/blog,301,tag/category listing; no equivalent taxonomy on the new site,high,redirect
/living-workshop/tag/Tension+of+Opposites,.com sitemap 2026-09-18,/blog,301,tag/category listing; no equivalent taxonomy on the new site,high,redirect
/living-workshop/tag/Testify%21,.com sitemap 2026-09-18,/blog,301,tag/category listing; no equivalent taxonomy on the new site,high,redirect
/living-workshop/tag/The+Ancients,.com sitemap 2026-09-18,/blog,301,tag/category listing; no equivalent taxonomy on the new site,high,redirect
/living-workshop/tag/The+Appalachians,.com sitemap 2026-09-18,/blog,301,tag/category listing; no equivalent taxonomy on the new site,high,redirect
/living-workshop/tag/The+Art+of+Letting+Go,.com sitemap 2026-09-18,/blog,301,tag/category listing; no equivalent taxonomy on the new site,high,redirect
/living-workshop/tag/The+Blue+Pill,.com sitemap 2026-09-18,/blog,301,tag/category listing; no equivalent taxonomy on the new site,high,redirect
/living-workshop/tag/The+Call+of+Duty,.com sitemap 2026-09-18,/blog,301,tag/category listing; no equivalent taxonomy on the new site,high,redirect
/living-workshop/tag/The+Center,.com sitemap 2026-09-18,/blog,301,tag/category listing; no equivalent taxonomy on the new site,high,redirect
/living-workshop/tag/The+Choir,.com sitemap 2026-09-18,/blog,301,tag/category listing; no equivalent taxonomy on the new site,high,redirect
/living-workshop/tag/The+Covid+Cricket,.com sitemap 2026-09-18,/blog,301,tag/category listing; no equivalent taxonomy on the new site,high,redirect
/living-workshop/tag/The+Crescendo,.com sitemap 2026-09-18,/blog,301,tag/category listing; no equivalent taxonomy on the new site,high,redirect
/living-workshop/tag/The+Eternal+Journey,.com sitemap 2026-09-18,/blog,301,tag/category listing; no equivalent taxonomy on the new site,high,redirect
/living-workshop/tag/The+First+Line,.com sitemap 2026-09-18,/blog,301,tag/category listing; no equivalent taxonomy on the new site,high,redirect
/living-workshop/tag/The+Fixers,.com sitemap 2026-09-18,/blog,301,tag/category listing; no equivalent taxonomy on the new site,high,redirect
/living-workshop/tag/The+Forgotten+Obvious,.com sitemap 2026-09-18,/blog,301,tag/category listing; no equivalent taxonomy on the new site,high,redirect
/living-workshop/tag/The+Game,.com sitemap 2026-09-18,/blog,301,tag/category listing; no equivalent taxonomy on the new site,high,redirect
/living-workshop/tag/The+Gears,.com sitemap 2026-09-18,/blog,301,tag/category listing; no equivalent taxonomy on the new site,high,redirect
/living-workshop/tag/The+Grocery,.com sitemap 2026-09-18,/blog,301,tag/category listing; no equivalent taxonomy on the new site,high,redirect
/living-workshop/tag/The+Heart+of+the+Matter,.com sitemap 2026-09-18,/blog,301,tag/category listing; no equivalent taxonomy on the new site,high,redirect
/living-workshop/tag/The+Infinitude,.com sitemap 2026-09-18,/blog,301,tag/category listing; no equivalent taxonomy on the new site,high,redirect
/living-workshop/tag/The+Invitation,.com sitemap 2026-09-18,/blog,301,tag/category listing; no equivalent taxonomy on the new site,high,redirect
/living-workshop/tag/The+Manuals,.com sitemap 2026-09-18,/blog,301,tag/category listing; no equivalent taxonomy on the new site,high,redirect
/living-workshop/tag/The+Market+Mindset,.com sitemap 2026-09-18,/blog,301,tag/category listing; no equivalent taxonomy on the new site,high,redirect
/living-workshop/tag/The+Middle,.com sitemap 2026-09-18,/blog,301,tag/category listing; no equivalent taxonomy on the new site,high,redirect
/living-workshop/tag/The+More+I+Learn,.com sitemap 2026-09-18,/blog,301,tag/category listing; no equivalent taxonomy on the new site,high,redirect
/living-workshop/tag/The+Narrowing,.com sitemap 2026-09-18,/blog,301,tag/category listing; no equivalent taxonomy on the new site,high,redirect
/living-workshop/tag/The+Notes,.com sitemap 2026-09-18,/blog,301,tag/category listing; no equivalent taxonomy on the new site,high,redirect
/living-workshop/tag/The+Only+Way+to+Get+There,.com sitemap 2026-09-18,/blog,301,tag/category listing; no equivalent taxonomy on the new site,high,redirect
/living-workshop/tag/The+Panic+Ends,.com sitemap 2026-09-18,/blog,301,tag/category listing; no equivalent taxonomy on the new site,high,redirect
/living-workshop/tag/The+Path,.com sitemap 2026-09-18,/blog,301,tag/category listing; no equivalent taxonomy on the new site,high,redirect
/living-workshop/tag/The+Path+of+Descent,.com sitemap 2026-09-18,/blog,301,tag/category listing; no equivalent taxonomy on the new site,high,redirect
/living-workshop/tag/The+Pathless+Path,.com sitemap 2026-09-18,/blog,301,tag/category listing; no equivalent taxonomy on the new site,high,redirect
/living-workshop/tag/The+Perfect+Space,.com sitemap 2026-09-18,/blog,301,tag/category listing; no equivalent taxonomy on the new site,high,redirect
/living-workshop/tag/The+Poetry+of+Fierce+Landscapes,.com sitemap 2026-09-18,/blog,301,tag/category listing; no equivalent taxonomy on the new site,high,redirect
/living-workshop/tag/The+Price+of+Kissing,.com sitemap 2026-09-18,/blog,301,tag/category listing; no equivalent taxonomy on the new site,high,redirect
/living-workshop/tag/The+Real+Thing,.com sitemap 2026-09-18,/blog,301,tag/category listing; no equivalent taxonomy on the new site,high,redirect
/living-workshop/tag/The+Real+You,.com sitemap 2026-09-18,/blog,301,tag/category listing; no equivalent taxonomy on the new site,high,redirect
/living-workshop/tag/The+Right+Questions,.com sitemap 2026-09-18,/blog,301,tag/category listing; no equivalent taxonomy on the new site,high,redirect
/living-workshop/tag/The+Satchel,.com sitemap 2026-09-18,/blog,301,tag/category listing; no equivalent taxonomy on the new site,high,redirect
/living-workshop/tag/The+Shadow+Knows,.com sitemap 2026-09-18,/blog,301,tag/category listing; no equivalent taxonomy on the new site,high,redirect
/living-workshop/tag/The+Silent+Songs,.com sitemap 2026-09-18,/blog,301,tag/category listing; no equivalent taxonomy on the new site,high,redirect
/living-workshop/tag/The+Silver+Lining,.com sitemap 2026-09-18,/blog,301,tag/category listing; no equivalent taxonomy on the new site,high,redirect
/living-workshop/tag/The+Soul%27s+Work,.com sitemap 2026-09-18,/blog,301,tag/category listing; no equivalent taxonomy on the new site,high,redirect
/living-workshop/tag/The+Sound+of+Silence,.com sitemap 2026-09-18,/blog,301,tag/category listing; no equivalent taxonomy on the new site,high,redirect
/living-workshop/tag/The+Soup,.com sitemap 2026-09-18,/blog,301,tag/category listing; no equivalent taxonomy on the new site,high,redirect
/living-workshop/tag/The+Specialist,.com sitemap 2026-09-18,/blog,301,tag/category listing; no equivalent taxonomy on the new site,high,redirect
/living-workshop/tag/The+Story,.com sitemap 2026-09-18,/blog,301,tag/category listing; no equivalent taxonomy on the new site,high,redirect
/living-workshop/tag/The+Treasure,.com sitemap 2026-09-18,/blog,301,tag/category listing; no equivalent taxonomy on the new site,high,redirect
/living-workshop/tag/The+Troublemakers,.com sitemap 2026-09-18,/blog,301,tag/category listing; no equivalent taxonomy on the new site,high,redirect
/living-workshop/tag/The+Veil+Lifted,.com sitemap 2026-09-18,/blog,301,tag/category listing; no equivalent taxonomy on the new site,high,redirect
/living-workshop/tag/The+Virus,.com sitemap 2026-09-18,/blog,301,tag/category listing; no equivalent taxonomy on the new site,high,redirect
/living-workshop/tag/The+Walls,.com sitemap 2026-09-18,/blog,301,tag/category listing; no equivalent taxonomy on the new site,high,redirect
/living-workshop/tag/The+War+Within,.com sitemap 2026-09-18,/blog,301,tag/category listing; no equivalent taxonomy on the new site,high,redirect
/living-workshop/tag/The+Winds,.com sitemap 2026-09-18,/blog,301,tag/category listing; no equivalent taxonomy on the new site,high,redirect
/living-workshop/tag/There%27s+Still+Time,.com sitemap 2026-09-18,/blog,301,tag/category listing; no equivalent taxonomy on the new site,high,redirect
/living-workshop/tag/There+Too,.com sitemap 2026-09-18,/blog,301,tag/category listing; no equivalent taxonomy on the new site,high,redirect
/living-workshop/tag/There+is+Joy,.com sitemap 2026-09-18,/blog,301,tag/category listing; no equivalent taxonomy on the new site,high,redirect
/living-workshop/tag/Things+I+Don%27t+Remember,.com sitemap 2026-09-18,/blog,301,tag/category listing; no equivalent taxonomy on the new site,high,redirect
/living-workshop/tag/Think+Bigger,.com sitemap 2026-09-18,/blog,301,tag/category listing; no equivalent taxonomy on the new site,high,redirect
/living-workshop/tag/Thinking,.com sitemap 2026-09-18,/blog,301,tag/category listing; no equivalent taxonomy on the new site,high,redirect
/living-workshop/tag/This+Sacred+Space,.com sitemap 2026-09-18,/blog,301,tag/category listing; no equivalent taxonomy on the new site,high,redirect
/living-workshop/tag/Those+Who+Survive,.com sitemap 2026-09-18,/blog,301,tag/category listing; no equivalent taxonomy on the new site,high,redirect
/living-workshop/tag/Threads+of+Me,.com sitemap 2026-09-18,/blog,301,tag/category listing; no equivalent taxonomy on the new site,high,redirect
/living-workshop/tag/Through+Pain,.com sitemap 2026-09-18,/blog,301,tag/category listing; no equivalent taxonomy on the new site,high,redirect
/living-workshop/tag/Tick+of+the+Clock,.com sitemap 2026-09-18,/blog,301,tag/category listing; no equivalent taxonomy on the new site,high,redirect
/living-workshop/tag/Tilt+Tenderly,.com sitemap 2026-09-18,/blog,301,tag/category listing; no equivalent taxonomy on the new site,high,redirect
/living-workshop/tag/Time+for+Everything,.com sitemap 2026-09-18,/blog,301,tag/category listing; no equivalent taxonomy on the new site,high,redirect
/living-workshop/tag/Time+is+Relative,.com sitemap 2026-09-18,/blog,301,tag/category listing; no equivalent taxonomy on the new site,high,redirect
/living-workshop/tag/Time+on+the+Road,.com sitemap 2026-09-18,/blog,301,tag/category listing; no equivalent taxonomy on the new site,high,redirect
/living-workshop/tag/Timeless+Truth,.com sitemap 2026-09-18,/blog,301,tag/category listing; no equivalent taxonomy on the new site,high,redirect
/living-workshop/tag/Tinkerer,.com sitemap 2026-09-18,/blog,301,tag/category listing; no equivalent taxonomy on the new site,high,redirect
/living-workshop/tag/Tiny+Arrows,.com sitemap 2026-09-18,/blog,301,tag/category listing; no equivalent taxonomy on the new site,high,redirect
/living-workshop/tag/To+Ash,.com sitemap 2026-09-18,/blog,301,tag/category listing; no equivalent taxonomy on the new site,high,redirect
/living-workshop/tag/To+Be+Created,.com sitemap 2026-09-18,/blog,301,tag/category listing; no equivalent taxonomy on the new site,high,redirect
/living-workshop/tag/To+Be+an+X,.com sitemap 2026-09-18,/blog,301,tag/category listing; no equivalent taxonomy on the new site,high,redirect
/living-workshop/tag/To+Dust,.com sitemap 2026-09-18,/blog,301,tag/category listing; no equivalent taxonomy on the new site,high,redirect
/living-workshop/tag/Too+Much+Talk,.com sitemap 2026-09-18,/blog,301,tag/category listing; no equivalent taxonomy on the new site,high,redirect
/living-workshop/tag/Tripped,.com sitemap 2026-09-18,/blog,301,tag/category listing; no equivalent taxonomy on the new site,high,redirect
/living-workshop/tag/Troubles,.com sitemap 2026-09-18,/blog,301,tag/category listing; no equivalent taxonomy on the new site,high,redirect
/living-workshop/tag/Trusting+Uncertainty,.com sitemap 2026-09-18,/blog,301,tag/category listing; no equivalent taxonomy on the new site,high,redirect
/living-workshop/tag/Truth,.com sitemap 2026-09-18,/blog,301,tag/category listing; no equivalent taxonomy on the new site,high,redirect
/living-workshop/tag/Truth+and+the+Soul,.com sitemap 2026-09-18,/blog,301,tag/category listing; no equivalent taxonomy on the new site,high,redirect
/living-workshop/tag/Try+Listening,.com sitemap 2026-09-18,/blog,301,tag/category listing; no equivalent taxonomy on the new site,high,redirect
/living-workshop/tag/Try+Not+to+Forget,.com sitemap 2026-09-18,/blog,301,tag/category listing; no equivalent taxonomy on the new site,high,redirect
/living-workshop/tag/Trying,.com sitemap 2026-09-18,/blog,301,tag/category listing; no equivalent taxonomy on the new site,high,redirect
/living-workshop/tag/Tuning,.com sitemap 2026-09-18,/blog,301,tag/category listing; no equivalent taxonomy on the new site,high,redirect
/living-workshop/tag/Turn+Loose,.com sitemap 2026-09-18,/blog,301,tag/category listing; no equivalent taxonomy on the new site,high,redirect
/living-workshop/tag/Twice,.com sitemap 2026-09-18,/blog,301,tag/category listing; no equivalent taxonomy on the new site,high,redirect
/living-workshop/tag/Two+Doors,.com sitemap 2026-09-18,/blog,301,tag/category listing; no equivalent taxonomy on the new site,high,redirect
/living-workshop/tag/Understanding+Avenue,.com sitemap 2026-09-18,/blog,301,tag/category listing; no equivalent taxonomy on the new site,high,redirect
/living-workshop/tag/Unitive+Love,.com sitemap 2026-09-18,/blog,301,tag/category listing; no equivalent taxonomy on the new site,high,redirect
/living-workshop/tag/Until+Now,.com sitemap 2026-09-18,/blog,301,tag/category listing; no equivalent taxonomy on the new site,high,redirect
/living-workshop/tag/Us,.com sitemap 2026-09-18,/blog,301,tag/category listing; no equivalent taxonomy on the new site,high,redirect
/living-workshop/tag/Visit+Me,.com sitemap 2026-09-18,/blog,301,tag/category listing; no equivalent taxonomy on the new site,high,redirect
/living-workshop/tag/Walnut+Hills,.com sitemap 2026-09-18,/blog,301,tag/category listing; no equivalent taxonomy on the new site,high,redirect
/living-workshop/tag/Wanting+to+Escape,.com sitemap 2026-09-18,/blog,301,tag/category listing; no equivalent taxonomy on the new site,high,redirect
/living-workshop/tag/War+is+Hell,.com sitemap 2026-09-18,/blog,301,tag/category listing; no equivalent taxonomy on the new site,high,redirect
/living-workshop/tag/We%27re+All+Poems,.com sitemap 2026-09-18,/blog,301,tag/category listing; no equivalent taxonomy on the new site,high,redirect
/living-workshop/tag/We%27re+All+Poets,.com sitemap 2026-09-18,/blog,301,tag/category listing; no equivalent taxonomy on the new site,high,redirect
/living-workshop/tag/We%E2%80%99re+All+in+This,.com sitemap 2026-09-18,/blog,301,tag/category listing; no equivalent taxonomy on the new site,high,redirect
/living-workshop/tag/We+Can%27t+Go+Back,.com sitemap 2026-09-18,/blog,301,tag/category listing; no equivalent taxonomy on the new site,high,redirect
/living-workshop/tag/We+Only+See,.com sitemap 2026-09-18,/blog,301,tag/category listing; no equivalent taxonomy on the new site,high,redirect
/living-workshop/tag/We+the+Unknown,.com sitemap 2026-09-18,/blog,301,tag/category listing; no equivalent taxonomy on the new site,high,redirect
/living-workshop/tag/Weary+Confession,.com sitemap 2026-09-18,/blog,301,tag/category listing; no equivalent taxonomy on the new site,high,redirect
/living-workshop/tag/Wham%21,.com sitemap 2026-09-18,/blog,301,tag/category listing; no equivalent taxonomy on the new site,high,redirect
/living-workshop/tag/What%27s+Your+Beef%3F,.com sitemap 2026-09-18,/blog,301,tag/category listing; no equivalent taxonomy on the new site,high,redirect
/living-workshop/tag/What%27s+the+Right+Amount%3F,.com sitemap 2026-09-18,/blog,301,tag/category listing; no equivalent taxonomy on the new site,high,redirect
/living-workshop/tag/What+All+This+Means,.com sitemap 2026-09-18,/blog,301,tag/category listing; no equivalent taxonomy on the new site,high,redirect
/living-workshop/tag/What+Am+I+Doing%3F,.com sitemap 2026-09-18,/blog,301,tag/category listing; no equivalent taxonomy on the new site,high,redirect
/living-workshop/tag/What+Beckons,.com sitemap 2026-09-18,/blog,301,tag/category listing; no equivalent taxonomy on the new site,high,redirect
/living-workshop/tag/What+Else,.com sitemap 2026-09-18,/blog,301,tag/category listing; no equivalent taxonomy on the new site,high,redirect
/living-workshop/tag/What+I%27d+Say,.com sitemap 2026-09-18,/blog,301,tag/category listing; no equivalent taxonomy on the new site,high,redirect
/living-workshop/tag/Whatever+It+Is,.com sitemap 2026-09-18,/blog,301,tag/category listing; no equivalent taxonomy on the new site,high,redirect
/living-workshop/tag/When+All+This+is+Over,.com sitemap 2026-09-18,/blog,301,tag/category listing; no equivalent taxonomy on the new site,high,redirect
/living-workshop/tag/While+at+Peace,.com sitemap 2026-09-18,/blog,301,tag/category listing; no equivalent taxonomy on the new site,high,redirect
/living-workshop/tag/Who%27m+I+Kidding%3F,.com sitemap 2026-09-18,/blog,301,tag/category listing; no equivalent taxonomy on the new site,high,redirect
/living-workshop/tag/Wholehearted,.com sitemap 2026-09-18,/blog,301,tag/category listing; no equivalent taxonomy on the new site,high,redirect
/living-workshop/tag/Will+to+Live,.com sitemap 2026-09-18,/blog,301,tag/category listing; no equivalent taxonomy on the new site,high,redirect
/living-workshop/tag/Winter+Range,.com sitemap 2026-09-18,/blog,301,tag/category listing; no equivalent taxonomy on the new site,high,redirect
/living-workshop/tag/Winter+Solstice,.com sitemap 2026-09-18,/blog,301,tag/category listing; no equivalent taxonomy on the new site,high,redirect
/living-workshop/tag/Winter+Weather,.com sitemap 2026-09-18,/blog,301,tag/category listing; no equivalent taxonomy on the new site,high,redirect
/living-workshop/tag/Wise+Counsel,.com sitemap 2026-09-18,/blog,301,tag/category listing; no equivalent taxonomy on the new site,high,redirect
/living-workshop/tag/With+Arms+Wide,.com sitemap 2026-09-18,/blog,301,tag/category listing; no equivalent taxonomy on the new site,high,redirect
/living-workshop/tag/With+No+Wind,.com sitemap 2026-09-18,/blog,301,tag/category listing; no equivalent taxonomy on the new site,high,redirect
/living-workshop/tag/Within+Himself,.com sitemap 2026-09-18,/blog,301,tag/category listing; no equivalent taxonomy on the new site,high,redirect
/living-workshop/tag/Witness+Me+Bargaining,.com sitemap 2026-09-18,/blog,301,tag/category listing; no equivalent taxonomy on the new site,high,redirect
/living-workshop/tag/World+Suffering,.com sitemap 2026-09-18,/blog,301,tag/category listing; no equivalent taxonomy on the new site,high,redirect
/living-workshop/tag/Worry,.com sitemap 2026-09-18,/blog,301,tag/category listing; no equivalent taxonomy on the new site,high,redirect
/living-workshop/tag/Would+You+Change,.com sitemap 2026-09-18,/blog,301,tag/category listing; no equivalent taxonomy on the new site,high,redirect
/living-workshop/tag/Wrong+or+Right,.com sitemap 2026-09-18,/blog,301,tag/category listing; no equivalent taxonomy on the new site,high,redirect
/living-workshop/tag/Year+End,.com sitemap 2026-09-18,/blog,301,tag/category listing; no equivalent taxonomy on the new site,high,redirect
/living-workshop/tag/You%27re+Welcome,.com sitemap 2026-09-18,/blog,301,tag/category listing; no equivalent taxonomy on the new site,high,redirect
/living-workshop/tag/You+Don%27t+Notice,.com sitemap 2026-09-18,/blog,301,tag/category listing; no equivalent taxonomy on the new site,high,redirect
/living-workshop/tag/You+Won%27t+Be+President,.com sitemap 2026-09-18,/blog,301,tag/category listing; no equivalent taxonomy on the new site,high,redirect
/living-workshop/tag/Your+Anger,.com sitemap 2026-09-18,/blog,301,tag/category listing; no equivalent taxonomy on the new site,high,redirect
/living-workshop/tag/Your+Heartbeat,.com sitemap 2026-09-18,/blog,301,tag/category listing; no equivalent taxonomy on the new site,high,redirect
/living-workshop/tag/Your+Life+Story,.com sitemap 2026-09-18,/blog,301,tag/category listing; no equivalent taxonomy on the new site,high,redirect
/living-workshop/tag/Your+Poetry,.com sitemap 2026-09-18,/blog,301,tag/category listing; no equivalent taxonomy on the new site,high,redirect
/living-workshop/tag/Zombies,.com sitemap 2026-09-18,/blog,301,tag/category listing; no equivalent taxonomy on the new site,high,redirect
/living-workshop/tag/i,.com sitemap 2026-09-18,/blog,301,tag/category listing; no equivalent taxonomy on the new site,high,redirect
/living-workshop/take-what-you-need,.com sitemap 2026-09-18,/blog,301,no candidate on brianspoems.com,low - needs review,redirect - generic
/living-workshop/take-your-vacation,.com sitemap 2026-09-18,/blog,301,no candidate on brianspoems.com,low - needs review,redirect - generic
/living-workshop/tension,.com sitemap 2026-09-18,https://brianspoems.com/poem/tension,301,poem text overlap 0.738 with /poem/tension,high,redirect
/living-workshop/thats-all-folks,.com sitemap 2026-09-18,/blog,301,no candidate on brianspoems.com,low - needs review,redirect - generic
/living-workshop/the-answers-differ,.com sitemap 2026-09-18,/blog,301,no candidate on brianspoems.com,low - needs review,redirect - generic
/living-workshop/the-apps-on-my-phone,.com sitemap 2026-09-18,https://brianspoems.com/poem/the-apps-on-my-phone,301,poem text overlap 0.75 with /poem/the-apps-on-my-phone,high,redirect
/living-workshop/the-beginning-after-the-end,.com sitemap 2026-09-18,/blog,301,no candidate on brianspoems.com,low - needs review,redirect - generic
/living-workshop/the-flowing,.com sitemap 2026-09-18,https://brianspoems.com/poem/the-flowing,301,poem text overlap 0.913 with /poem/the-flowing,high,redirect
/living-workshop/the-forgotten-obvious,.com sitemap 2026-09-18,/blog,301,no candidate on brianspoems.com,low - needs review,redirect - generic
/living-workshop/the-green-guinness-within-us,.com sitemap 2026-09-18,https://brianspoems.com/poem/the-green-guinness-within-us,301,poem text overlap 0.937 with /poem/the-green-guinness-within-us,high,redirect
/living-workshop/the-journey-between,.com sitemap 2026-09-18,/blog,301,no candidate on brianspoems.com,low - needs review,redirect - generic
/living-workshop/the-meaning-is-in-the-moment,.com sitemap 2026-09-18,https://brianspoems.com/poem/the-meaning-is-in-the-moment,301,poem text overlap 0.748 with /poem/the-meaning-is-in-the-moment,high,redirect
/living-workshop/the-middle-passage,.com sitemap 2026-09-18,/blog,301,no candidate on brianspoems.com,low - needs review,redirect - generic
/living-workshop/the-midlife-cricket,.com sitemap 2026-09-18,/blog,301,no candidate on brianspoems.com,low - needs review,redirect - generic
/living-workshop/the-narcissist,.com sitemap 2026-09-18,/blog,301,no candidate on brianspoems.com,low - needs review,redirect - generic
/living-workshop/the-old-pasture,.com sitemap 2026-09-18,https://brianspoems.com/poem/the-old-pasture,301,poem text overlap 0.669 with /poem/the-old-pasture,high,redirect
/living-workshop/the-past,.com sitemap 2026-09-18,/blog,301,best candidate /poem/the-past scored 0.417,low - needs review,redirect - generic
/living-workshop/the-perfectionist,.com sitemap 2026-09-18,https://brianspoems.com/poem/the-perfectionist,301,poem text overlap 0.748 with /poem/the-perfectionist,high,redirect
/living-workshop/the-rapture,.com sitemap 2026-09-18,/blog,301,no candidate on brianspoems.com,low - needs review,redirect - generic
/living-workshop/the-road-called-life,.com sitemap 2026-09-18,/blog,301,no candidate on brianspoems.com,low - needs review,redirect - generic
/living-workshop/the-troublemakers,.com sitemap 2026-09-18,/blog,301,no candidate on brianspoems.com,low - needs review,redirect - generic
/living-workshop/the-wild-man,.com sitemap 2026-09-18,https://brianspoems.com/poem/the-wild-man,301,poem text overlap 0.862 with /poem/the-wild-man,high,redirect
/living-workshop/the-world-afair,.com sitemap 2026-09-18,/blog,301,no candidate on brianspoems.com,low - needs review,redirect - generic
/living-workshop/this-breath,.com sitemap 2026-09-18,/blog,301,no candidate on brianspoems.com,low - needs review,redirect - generic
/living-workshop/this-moment-here-now,.com sitemap 2026-09-18,https://brianspoems.com/poem/this-moment-here-now,301,poem text overlap 1.0 with /poem/this-moment-here-now,high,redirect
/living-workshop/thursday-poem,.com sitemap 2026-09-18,https://brianspoems.com/poem/thursday-poem,301,poem text overlap 0.789 with /poem/thursday-poem,high,redirect
/living-workshop/thy-will-be-done,.com sitemap 2026-09-18,/blog,301,no candidate on brianspoems.com,low - needs review,redirect - generic
/living-workshop/together-we-are-light-seekers,.com sitemap 2026-09-18,/blog,301,no candidate on brianspoems.com,low - needs review,redirect - generic
/living-workshop/tomorrow-could-be-wonderful,.com sitemap 2026-09-18,https://brianspoems.com/poem/tomorrow-could-be-wonderful,301,poem text overlap 0.594 with /poem/tomorrow-could-be-wonderful,high,redirect
/living-workshop/too-much-too-much-too-much,.com sitemap 2026-09-18,https://brianspoems.com/poem/too-much-too-much-too-much,301,poem text overlap 0.973 with /poem/too-much-too-much-too-much,high,redirect
/living-workshop/touch-ground,.com sitemap 2026-09-18,/blog,301,no candidate on brianspoems.com,low - needs review,redirect - generic
/living-workshop/transcendence,.com sitemap 2026-09-18,https://brianspoems.com/poem/transcendence,301,poem text overlap 0.77 with /poem/transcendence,high,redirect
/living-workshop/transformation,.com sitemap 2026-09-18,https://brianspoems.com/poem/transformation-2,301,poem text overlap 1.0 with /poem/transformation-2,high,redirect
/living-workshop/transforming-energies,.com sitemap 2026-09-18,/blog,301,no candidate on brianspoems.com,low - needs review,redirect - generic
/living-workshop/trinity,.com sitemap 2026-09-18,https://brianspoems.com/poem/trinity,301,poem text overlap 1.0 with /poem/trinity,high,redirect
/living-workshop/trinity-explodes,.com sitemap 2026-09-18,https://brianspoems.com/poem/trinity-explodes,301,poem text overlap 1.0 with /poem/trinity-explodes,high,redirect
/living-workshop/troubles-with-god,.com sitemap 2026-09-18,/blog,301,no candidate on brianspoems.com,low - needs review,redirect - generic
/living-workshop/trust-stillness-journey-into-midlife,.com sitemap 2026-09-18,/blog,301,no candidate on brianspoems.com,low - needs review,redirect - generic
/living-workshop/tsunami-of-poems,.com sitemap 2026-09-18,/blog,301,no candidate on brianspoems.com,low - needs review,redirect - generic
/living-workshop/universality,.com sitemap 2026-09-18,/blog,301,no candidate on brianspoems.com,low - needs review,redirect - generic
/living-workshop/until-we-know,.com sitemap 2026-09-18,/blog,301,no candidate on brianspoems.com,low - needs review,redirect - generic
/living-workshop/vulnerable-and-open,.com sitemap 2026-09-18,/blog,301,no candidate on brianspoems.com,low - needs review,redirect - generic
/living-workshop/waking-up-to-the-dark,.com sitemap 2026-09-18,https://brianspoems.com/poem/waking-up-to-the-dark,301,poem text overlap 0.846 with /poem/waking-up-to-the-dark,high,redirect
/living-workshop/war-is-a-force,.com sitemap 2026-09-18,https://brianspoems.com/poem/war-is-a-force,301,poem text overlap 0.967 with /poem/war-is-a-force,high,redirect
/living-workshop/warrior-energy,.com sitemap 2026-09-18,/blog,301,no candidate on brianspoems.com,low - needs review,redirect - generic
/living-workshop/watching-my-house-burn-down,.com sitemap 2026-09-18,/blog,301,no candidate on brianspoems.com,low - needs review,redirect - generic
/living-workshop/we-are-the-ones,.com sitemap 2026-09-18,/blog,301,no candidate on brianspoems.com,low - needs review,redirect - generic
/living-workshop/weltschmerz,.com sitemap 2026-09-18,/blog,301,no candidate on brianspoems.com,low - needs review,redirect - generic
/living-workshop/were-all-poems,.com sitemap 2026-09-18,/blog,301,no candidate on brianspoems.com,low - needs review,redirect - generic
/living-workshop/weve-drifted-too-far,.com sitemap 2026-09-18,/blog,301,no candidate on brianspoems.com,low - needs review,redirect - generic
/living-workshop/what-do-i-see,.com sitemap 2026-09-18,/blog,301,no candidate on brianspoems.com,low - needs review,redirect - generic
/living-workshop/what-does-letting-go-mean,.com sitemap 2026-09-18,/blog,301,no candidate on brianspoems.com,low - needs review,redirect - generic
/living-workshop/what-loosens-me,.com sitemap 2026-09-18,/blog,301,no candidate on brianspoems.com,low - needs review,redirect - generic
/living-workshop/whats-mine-to-do,.com sitemap 2026-09-18,/blog,301,no candidate on brianspoems.com,low - needs review,redirect - generic
/living-workshop/when-you-are-not-afraid,.com sitemap 2026-09-18,/blog,301,no candidate on brianspoems.com,low - needs review,redirect - generic
/living-workshop/when-youre-feeling-brave,.com sitemap 2026-09-18,/blog,301,no candidate on brianspoems.com,low - needs review,redirect - generic
/living-workshop/winter-has-its-motives,.com sitemap 2026-09-18,https://brianspoems.com/poem/winter-has-its-motives,301,poem text overlap 0.772 with /poem/winter-has-its-motives,high,redirect
/living-workshop/witness-to-the-divine-feminine,.com sitemap 2026-09-18,/blog,301,no candidate on brianspoems.com,low - needs review,redirect - generic
/living-workshop/world-suffering,.com sitemap 2026-09-18,/blog,301,no candidate on brianspoems.com,low - needs review,redirect - generic
/living-workshop/you-can-pause,.com sitemap 2026-09-18,/blog,301,no candidate on brianspoems.com,low - needs review,redirect - generic
/living-workshop/you-must-slow-down,.com sitemap 2026-09-18,/blog,301,no candidate on brianspoems.com,low - needs review,redirect - generic
/living-workshop/you-said,.com sitemap 2026-09-18,https://brianspoems.com/poem/you-said,301,poem text overlap 1.0 with /poem/you-said,high,redirect
/men-writing-for-change-series,2022 Squarespace export content links,/series/men-writing-for-change,301,old series slug; 404 today,high,redirect
/privacy-policy,.com sitemap 2026-09-18,/privacy-policy,200,identical page exists,certain,retained - same path on the new site
/refund-policy,.com sitemap 2026-09-18,/terms-conditions,301,"direct sales retired; the new Terms section 4 ""All Sales Final / No Refunds"" carries the same substance for past customers (D-05)",high,redirect
/store,.com sitemap 2026-09-18,/books,301,store index; direct sales retired (D-05),high,redirect
/store/additional-titles,.com sitemap 2026-09-18,/books,301,store category,high,redirect
/store/brians-poem-of-the-day-series,.com sitemap 2026-09-18,/series/poem-of-the-day,301,store category,high,redirect
/store/bull-series,.com sitemap 2026-09-18,/series/the-bull-series,301,store category,high,redirect
/store/p/bull-head,.com sitemap 2026-09-18,/books/bull-head,301,store product slug equals the book slug in books.json,certain,redirect
/store/p/bull-heart,.com sitemap 2026-09-18,/books/bull-heart,301,store product slug equals the book slug in books.json,certain,redirect
/store/p/cock-a-doodle-doo,.com sitemap 2026-09-18,/books/cock-a-doodle-doo,301,store product slug equals the book slug in books.json,certain,redirect
/store/p/complete-bull,.com sitemap 2026-09-18,/books/complete-bull,301,store product slug equals the book slug in books.json,certain,redirect
/store/p/jonah,.com sitemap 2026-09-18,/books/jonah,301,store product slug equals the book slug in books.json,certain,redirect
/store/p/men-writing-for-change-vol-1,.com sitemap 2026-09-18,/books/men-writing-for-change-vol-1,301,store product slug equals the book slug in books.json,certain,redirect
/store/p/men-writing-for-change-vol-2,.com sitemap 2026-09-18,/books/men-writing-for-change-vol-2,301,store product slug equals the book slug in books.json,certain,redirect
/store/p/more-bull,.com sitemap 2026-09-18,/books/more-bull,301,store product slug equals the book slug in books.json,certain,redirect
/store/p/second-communion,.com sitemap 2026-09-18,/books/second-communion,301,store product slug equals the book slug in books.json,certain,redirect
/store/p/the-invitation,.com sitemap 2026-09-18,/books/the-invitation,301,store product slug equals the book slug in books.json,certain,redirect
/store/p/tomorrow-could-be-wonderful,.com sitemap 2026-09-18,/books/tomorrow-could-be-wonderful,301,store product slug equals the book slug in books.json,certain,redirect
/terms-conditions,.com sitemap 2026-09-18,/terms-conditions,200,identical page exists,certain,retained - same path on the new site
/the-bull-series,2022 Squarespace export content links,/series/the-bull-series,301,"old series slug, renamed to /archive-13; 404 on production today",high,redirect
